post_id,url,author,likes,has_media,published_at,retrieved_at,metrics_source,decision,case_slug,reason_zh,reason_en
2099925682726002904,https://x.com/CompleteSkeptic/status/2099925682726002904,CompleteSkeptic,75620,True,2026-09-15T18:17:52+00:00,2026-09-23T04:32:51+00:00,https://api.fxtwitter.com/status/2099925682726002904,not_distinct_app,,公告、讨论、教程合集或传播帖，未单列为独立应用。,"Announcement, discussion, tutorial collection or redistribution; not counted as a distinct app."
2099944756931596454,https://x.com/typesafeai/status/2099944756931596454,typesafeai,4006,False,2026-09-15T19:33:39+00:00,2026-09-23T04:32:51+00:00,https://api.fxtwitter.com/status/2099944756931596454,missing_media,,未取得主帖自身图片或视频，引用媒体不替代。,No image/video attached to the original itself; quoted media is not substituted.
2100036101809619314,https://x.com/NathanFlurry/status/2100036101809619314,NathanFlurry,7524,False,2026-09-16T01:36:38+00:00,2026-09-23T04:29:56+00:00,https://api.fxtwitter.com/status/2100036101809619314,missing_media,,未取得主帖自身图片或视频，引用媒体不替代。,No image/video attached to the original itself; quoted media is not substituted.
2100042788851101842,https://x.com/ryanvogel/status/2100042788851101842,ryanvogel,3550,True,2026-09-16T02:03:12+00:00,2026-09-23T04:32:51+00:00,https://api.fxtwitter.com/status/2100042788851101842,new_case,email-1500-ryan,正式案例主帖；同项目不重复计数。,Formal main post; the project is counted once.
2100096510436475293,https://x.com/nathanwchan/status/2100096510436475293,nathanwchan,495,True,2026-09-16T05:36:40+00:00,2026-09-23T04:29:56+00:00,https://api.fxtwitter.com/status/2100096510436475293,pending_review,,虽达到点赞/媒体门槛，具体任务、组件分工或独立实现关系尚未充分核清；保留线索，不表示项目无效。,"Meets like/media thresholds, but task details, component roles or implementation identity still need review; retained as a lead, not judged invalid."
2100113737097367896,https://x.com/paarangatrai/status/2100113737097367896,paarangatrai,2300,False,2026-09-16T06:45:07+00:00,2026-09-23T04:29:56+00:00,https://api.fxtwitter.com/status/2100113737097367896,missing_media,,未取得主帖自身图片或视频，引用媒体不替代。,No image/video attached to the original itself; quoted media is not substituted.
2100262612428894676,https://x.com/awlevin/status/2100262612428894676,awlevin,2329,True,2026-09-16T16:36:42+00:00,2026-09-23T04:29:56+00:00,https://api.fxtwitter.com/status/2100262612428894676,pending_review,,虽达到点赞/媒体门槛，具体任务、组件分工或独立实现关系尚未充分核清；保留线索，不表示项目无效。,"Meets like/media thresholds, but task details, component roles or implementation identity still need review; retained as a lead, not judged invalid."
2100277062309179521,https://x.com/cocktailpeanut/status/2100277062309179521,cocktailpeanut,795,True,2026-09-16T17:34:07+00:00,2026-09-23T04:29:56+00:00,https://api.fxtwitter.com/status/2100277062309179521,not_distinct_app,,公告、讨论、教程合集或传播帖，未单列为独立应用。,"Announcement, discussion, tutorial collection or redistribution; not counted as a distinct app."
2100287368221659289,https://x.com/stevekrouse/status/2100287368221659289,stevekrouse,592,True,2026-09-16T18:15:04+00:00,2026-09-23T04:29:56+00:00,https://api.fxtwitter.com/status/2100287368221659289,pending_review,,虽达到点赞/媒体门槛，具体任务、组件分工或独立实现关系尚未充分核清；保留线索，不表示项目无效。,"Meets like/media thresholds, but task details, component roles or implementation identity still need review; retained as a lead, not judged invalid."
2100339921714323624,https://x.com/kmad/status/2100339921714323624,kmad,16,True,2026-09-16T21:43:54+00:00,2026-09-23T04:32:51+00:00,https://api.fxtwitter.com/status/2100339921714323624,below_threshold,,原帖取数未达 200 赞。,Original snapshot is below 200 likes.
2100341039986798930,https://x.com/justALEXWORTEGA/status/2100341039986798930,justALEXWORTEGA,782,True,2026-09-16T21:48:21+00:00,2026-09-23T04:32:51+00:00,https://api.fxtwitter.com/status/2100341039986798930,outside_scope,,独立兼容/仿制模型，不能直接计为 TypeSafe Jev 应用。,"Independent compatible/clone model, not automatically a TypeSafe Jev application."
2100362415187833048,https://x.com/Kostastsale/status/2100362415187833048,Kostastsale,206,False,2026-09-16T23:13:17+00:00,2026-09-23T04:29:57+00:00,https://api.fxtwitter.com/status/2100362415187833048,missing_media,,未取得主帖自身图片或视频，引用媒体不替代。,No image/video attached to the original itself; quoted media is not substituted.
2100368024649769384,https://x.com/dwhitedesign/status/2100368024649769384,dwhitedesign,54,True,2026-09-16T23:35:34+00:00,2026-09-23T04:32:50+00:00,https://api.fxtwitter.com/status/2100368024649769384,below_threshold,,原帖取数未达 200 赞。,Original snapshot is below 200 likes.
2100400923826606523,https://x.com/Neel490/status/2100400923826606523,Neel490,1520,True,2026-09-17T01:46:18+00:00,2026-09-23T04:29:57+00:00,https://api.fxtwitter.com/status/2100400923826606523,pending_review,,虽达到点赞/媒体门槛，具体任务、组件分工或独立实现关系尚未充分核清；保留线索，不表示项目无效。,"Meets like/media thresholds, but task details, component roles or implementation identity still need review; retained as a lead, not judged invalid."
2100408498446111031,https://x.com/mormonnegro/status/2100408498446111031,mormonnegro,213,True,2026-09-17T02:16:24+00:00,2026-09-23T04:32:50+00:00,https://api.fxtwitter.com/status/2100408498446111031,pending_review,,虽达到点赞/媒体门槛，具体任务、组件分工或独立实现关系尚未充分核清；保留线索，不表示项目无效。,"Meets like/media thresholds, but task details, component roles or implementation identity still need review; retained as a lead, not judged invalid."
2100413576284712999,https://x.com/jkudish/status/2100413576284712999,jkudish,238,False,2026-09-17T02:36:35+00:00,2026-09-23T04:29:57+00:00,https://api.fxtwitter.com/status/2100413576284712999,missing_media,,未取得主帖自身图片或视频，引用媒体不替代。,No image/video attached to the original itself; quoted media is not substituted.
2100421326389354624,https://x.com/swill1ams/status/2100421326389354624,swill1ams,1394,False,2026-09-17T03:07:22+00:00,2026-09-23T04:29:57+00:00,https://api.fxtwitter.com/status/2100421326389354624,missing_media,,未取得主帖自身图片或视频，引用媒体不替代。,No image/video attached to the original itself; quoted media is not substituted.
2100437998571860087,https://x.com/grichadev/status/2100437998571860087,grichadev,925,True,2026-09-17T04:13:37+00:00,2026-09-23T04:29:57+00:00,https://api.fxtwitter.com/status/2100437998571860087,pending_review,,虽达到点赞/媒体门槛，具体任务、组件分工或独立实现关系尚未充分核清；保留线索，不表示项目无效。,"Meets like/media thresholds, but task details, component roles or implementation identity still need review; retained as a lead, not judged invalid."
2100438353946513815,https://x.com/AlanDaitch/status/2100438353946513815,AlanDaitch,49,True,2026-09-17T04:15:02+00:00,2026-09-23T04:32:50+00:00,https://api.fxtwitter.com/status/2100438353946513815,below_threshold,,原帖取数未达 200 赞。,Original snapshot is below 200 likes.
2100440723837313349,https://x.com/Neel490/status/2100440723837313349,Neel490,1373,True,2026-09-17T04:24:27+00:00,2026-09-23T04:29:57+00:00,https://api.fxtwitter.com/status/2100440723837313349,pending_review,,虽达到点赞/媒体门槛，具体任务、组件分工或独立实现关系尚未充分核清；保留线索，不表示项目无效。,"Meets like/media thresholds, but task details, component roles or implementation identity still need review; retained as a lead, not judged invalid."
2100454043361722798,https://x.com/rheum_ai/status/2100454043361722798,rheum_ai,432,True,2026-09-17T05:17:23+00:00,2026-09-23T04:32:50+00:00,https://api.fxtwitter.com/status/2100454043361722798,pending_review,,虽达到点赞/媒体门槛，具体任务、组件分工或独立实现关系尚未充分核清；保留线索，不表示项目无效。,"Meets like/media thresholds, but task details, component roles or implementation identity still need review; retained as a lead, not judged invalid."
2100454049359577516,https://x.com/wmoto_ai/status/2100454049359577516,wmoto_ai,387,True,2026-09-17T05:17:24+00:00,2026-09-23T04:32:50+00:00,https://api.fxtwitter.com/status/2100454049359577516,outside_scope,,独立兼容/仿制模型，不能直接计为 TypeSafe Jev 应用。,"Independent compatible/clone model, not automatically a TypeSafe Jev application."
2100467548298899918,https://x.com/iamMrDuncan/status/2100467548298899918,iamMrDuncan,209,True,2026-09-17T06:11:02+00:00,2026-09-23T04:32:50+00:00,https://api.fxtwitter.com/status/2100467548298899918,pending_review,,虽达到点赞/媒体门槛，具体任务、组件分工或独立实现关系尚未充分核清；保留线索，不表示项目无效。,"Meets like/media thresholds, but task details, component roles or implementation identity still need review; retained as a lead, not judged invalid."
2100478725393686556,https://x.com/0xLogicrw/status/2100478725393686556,0xLogicrw,1636,True,2026-09-17T06:55:27+00:00,2026-09-23T04:29:57+00:00,https://api.fxtwitter.com/status/2100478725393686556,not_distinct_app,,公告、讨论、教程合集或传播帖，未单列为独立应用。,"Announcement, discussion, tutorial collection or redistribution; not counted as a distinct app."
2100481938016669917,https://x.com/_trou3/status/2100481938016669917,_trou3,987,True,2026-09-17T07:08:13+00:00,2026-09-23T04:32:50+00:00,https://api.fxtwitter.com/status/2100481938016669917,pending_review,,虽达到点赞/媒体门槛，具体任务、组件分工或独立实现关系尚未充分核清；保留线索，不表示项目无效。,"Meets like/media thresholds, but task details, component roles or implementation identity still need review; retained as a lead, not judged invalid."
2100513641556549700,https://x.com/krzysztof_moch/status/2100513641556549700,krzysztof_moch,781,True,2026-09-17T09:14:12+00:00,2026-09-23T04:29:57+00:00,https://api.fxtwitter.com/status/2100513641556549700,pending_review,,虽达到点赞/媒体门槛，具体任务、组件分工或独立实现关系尚未充分核清；保留线索，不表示项目无效。,"Meets like/media thresholds, but task details, component roles or implementation identity still need review; retained as a lead, not judged invalid."
2100515910754750741,https://x.com/milindlabs/status/2100515910754750741,milindlabs,184,True,2026-09-17T09:23:13+00:00,2026-09-23T04:32:49+00:00,https://api.fxtwitter.com/status/2100515910754750741,below_threshold,,原帖取数未达 200 赞。,Original snapshot is below 200 likes.
2100523868913807410,https://x.com/abolbuild/status/2100523868913807410,abolbuild,1635,True,2026-09-17T09:54:50+00:00,2026-09-23T04:32:49+00:00,https://api.fxtwitter.com/status/2100523868913807410,pending_review,,虽达到点赞/媒体门槛，具体任务、组件分工或独立实现关系尚未充分核清；保留线索，不表示项目无效。,"Meets like/media thresholds, but task details, component roles or implementation identity still need review; retained as a lead, not judged invalid."
2100529273186472318,https://x.com/iam_zachi/status/2100529273186472318,iam_zachi,3889,True,2026-09-17T10:16:19+00:00,2026-09-23T04:32:49+00:00,https://api.fxtwitter.com/status/2100529273186472318,new_case,typesafe-adblock,正式案例主帖；同项目不重复计数。,Formal main post; the project is counted once.
2100536228827496721,https://x.com/VisheshBaghell/status/2100536228827496721,VisheshBaghell,75,True,2026-09-17T10:43:57+00:00,2026-09-23T04:32:49+00:00,https://api.fxtwitter.com/status/2100536228827496721,below_threshold,,原帖取数未达 200 赞。,Original snapshot is below 200 likes.
2100543809465577665,https://x.com/nielsmouthaan/status/2100543809465577665,nielsmouthaan,7,True,2026-09-17T11:14:05+00:00,2026-09-23T04:32:49+00:00,https://api.fxtwitter.com/status/2100543809465577665,below_threshold,,原帖取数未达 200 赞。,Original snapshot is below 200 likes.
2100545295201288678,https://x.com/savboj/status/2100545295201288678,savboj,1273,True,2026-09-17T11:19:59+00:00,2026-09-23T04:32:49+00:00,https://api.fxtwitter.com/status/2100545295201288678,pending_review,,虽达到点赞/媒体门槛，具体任务、组件分工或独立实现关系尚未充分核清；保留线索，不表示项目无效。,"Meets like/media thresholds, but task details, component roles or implementation identity still need review; retained as a lead, not judged invalid."
2100571522540695705,https://x.com/marcoporracin/status/2100571522540695705,marcoporracin,728,False,2026-09-17T13:04:12+00:00,2026-09-23T04:29:57+00:00,https://api.fxtwitter.com/status/2100571522540695705,missing_media,,未取得主帖自身图片或视频，引用媒体不替代。,No image/video attached to the original itself; quoted media is not substituted.
2100573432089866717,https://x.com/JoshARosen/status/2100573432089866717,JoshARosen,769,False,2026-09-17T13:11:47+00:00,2026-09-23T04:29:57+00:00,https://api.fxtwitter.com/status/2100573432089866717,missing_media,,未取得主帖自身图片或视频，引用媒体不替代。,No image/video attached to the original itself; quoted media is not substituted.
2100584682664628454,https://x.com/raihankhan_rk/status/2100584682664628454,raihankhan_rk,81,True,2026-09-17T13:56:29+00:00,2026-09-23T04:32:49+00:00,https://api.fxtwitter.com/status/2100584682664628454,below_threshold,,原帖取数未达 200 赞。,Original snapshot is below 200 likes.
2100601420395282695,https://x.com/GuangyuRobert/status/2100601420395282695,GuangyuRobert,145,True,2026-09-17T15:03:00+00:00,2026-09-23T04:32:49+00:00,https://api.fxtwitter.com/status/2100601420395282695,below_threshold,,原帖取数未达 200 赞。,Original snapshot is below 200 likes.
2100607709317861879,https://x.com/rileybrown/status/2100607709317861879,rileybrown,285,True,2026-09-17T15:27:59+00:00,2026-09-23T04:32:49+00:00,https://api.fxtwitter.com/status/2100607709317861879,pending_review,,虽达到点赞/媒体门槛，具体任务、组件分工或独立实现关系尚未充分核清；保留线索，不表示项目无效。,"Meets like/media thresholds, but task details, component roles or implementation identity still need review; retained as a lead, not judged invalid."
2100608556823388486,https://x.com/uezochan/status/2100608556823388486,uezochan,443,True,2026-09-17T15:31:22+00:00,2026-09-23T04:32:49+00:00,https://api.fxtwitter.com/status/2100608556823388486,new_case,voice-turn-end,正式案例主帖；同项目不重复计数。,Formal main post; the project is counted once.
2100609341145465325,https://x.com/VacekvVita/status/2100609341145465325,VacekvVita,0,True,2026-09-17T15:34:29+00:00,2026-09-23T04:32:48+00:00,https://api.fxtwitter.com/status/2100609341145465325,below_threshold,,原帖取数未达 200 赞。,Original snapshot is below 200 likes.
2100609472750047263,https://x.com/Vybhav/status/2100609472750047263,Vybhav,0,True,2026-09-17T15:35:00+00:00,2026-09-23T04:32:48+00:00,https://api.fxtwitter.com/status/2100609472750047263,below_threshold,,原帖取数未达 200 赞。,Original snapshot is below 200 likes.
2100611986358927627,https://x.com/Maoku/status/2100611986358927627,Maoku,1,True,2026-09-17T15:44:59+00:00,2026-09-23T04:32:48+00:00,https://api.fxtwitter.com/status/2100611986358927627,below_threshold,,原帖取数未达 200 赞。,Original snapshot is below 200 likes.
2100614911898390589,https://x.com/stablebun/status/2100614911898390589,stablebun,2,True,2026-09-17T15:56:37+00:00,2026-09-23T04:32:48+00:00,https://api.fxtwitter.com/status/2100614911898390589,below_threshold,,原帖取数未达 200 赞。,Original snapshot is below 200 likes.
2100617830890885415,https://x.com/nidhisinghattri/status/2100617830890885415,nidhisinghattri,66,True,2026-09-17T16:08:13+00:00,2026-09-23T04:32:48+00:00,https://api.fxtwitter.com/status/2100617830890885415,below_threshold,,原帖取数未达 200 赞。,Original snapshot is below 200 likes.
2100622868878868603,https://x.com/literallydenis/status/2100622868878868603,literallydenis,8,True,2026-09-17T16:28:14+00:00,2026-09-23T04:32:48+00:00,https://api.fxtwitter.com/status/2100622868878868603,below_threshold,,原帖取数未达 200 赞。,Original snapshot is below 200 likes.
2100623016644223175,https://x.com/isaac_flath/status/2100623016644223175,isaac_flath,259,False,2026-09-17T16:28:49+00:00,2026-09-23T04:29:57+00:00,https://api.fxtwitter.com/status/2100623016644223175,missing_media,,未取得主帖自身图片或视频，引用媒体不替代。,No image/video attached to the original itself; quoted media is not substituted.
2100627898436571555,https://x.com/jozef_gherman/status/2100627898436571555,jozef_gherman,301,True,2026-09-17T16:48:13+00:00,2026-09-23T04:32:48+00:00,https://api.fxtwitter.com/status/2100627898436571555,pending_review,,虽达到点赞/媒体门槛，具体任务、组件分工或独立实现关系尚未充分核清；保留线索，不表示项目无效。,"Meets like/media thresholds, but task details, component roles or implementation identity still need review; retained as a lead, not judged invalid."
2100645675591520612,https://x.com/razaanstha/status/2100645675591520612,razaanstha,196,True,2026-09-17T17:58:51+00:00,2026-09-23T04:32:47+00:00,https://api.fxtwitter.com/status/2100645675591520612,below_threshold,,原帖取数未达 200 赞。,Original snapshot is below 200 likes.
2100651678110515383,https://x.com/ekzhang1/status/2100651678110515383,ekzhang1,980,True,2026-09-17T18:22:42+00:00,2026-09-23T04:32:47+00:00,https://api.fxtwitter.com/status/2100651678110515383,outside_scope,,独立兼容/仿制模型，不能直接计为 TypeSafe Jev 应用。,"Independent compatible/clone model, not automatically a TypeSafe Jev application."
2100659471257366766,https://x.com/da_fant/status/2100659471257366766,da_fant,633,False,2026-09-17T18:53:40+00:00,2026-09-23T04:29:58+00:00,https://api.fxtwitter.com/status/2100659471257366766,missing_media,,未取得主帖自身图片或视频，引用媒体不替代。,No image/video attached to the original itself; quoted media is not substituted.
2100679300756435135,https://x.com/iam_zachi/status/2100679300756435135,iam_zachi,2832,True,2026-09-17T20:12:28+00:00,2026-09-23T04:32:47+00:00,https://api.fxtwitter.com/status/2100679300756435135,new_case,pg-jev,正式案例主帖；同项目不重复计数。,Formal main post; the project is counted once.
2100681083176226921,https://x.com/zahlekhan/status/2100681083176226921,zahlekhan,495,True,2026-09-17T20:19:33+00:00,2026-09-23T04:32:47+00:00,https://api.fxtwitter.com/status/2100681083176226921,pending_review,,虽达到点赞/媒体门槛，具体任务、组件分工或独立实现关系尚未充分核清；保留线索，不表示项目无效。,"Meets like/media thresholds, but task details, component roles or implementation identity still need review; retained as a lead, not judged invalid."
2100686990090047569,https://x.com/studio_yebisu/status/2100686990090047569,studio_yebisu,2254,False,2026-09-17T20:43:01+00:00,2026-09-23T04:29:58+00:00,https://api.fxtwitter.com/status/2100686990090047569,missing_media,,未取得主帖自身图片或视频，引用媒体不替代。,No image/video attached to the original itself; quoted media is not substituted.
2100688880798159254,https://x.com/CloudflareDev/status/2100688880798159254,CloudflareDev,1080,False,2026-09-17T20:50:32+00:00,2026-09-23T04:29:58+00:00,https://api.fxtwitter.com/status/2100688880798159254,missing_media,,未取得主帖自身图片或视频，引用媒体不替代。,No image/video attached to the original itself; quoted media is not substituted.
2100701152824185319,https://x.com/sotak/status/2100701152824185319,sotak,176,True,2026-09-17T21:39:18+00:00,2026-09-23T04:32:47+00:00,https://api.fxtwitter.com/status/2100701152824185319,below_threshold,,原帖取数未达 200 赞。,Original snapshot is below 200 likes.
2100711180704641520,https://x.com/FarouqAldori/status/2100711180704641520,FarouqAldori,44,True,2026-09-17T22:19:09+00:00,2026-09-23T04:32:47+00:00,https://api.fxtwitter.com/status/2100711180704641520,below_threshold,,原帖取数未达 200 赞。,Original snapshot is below 200 likes.
2100713197502173373,https://x.com/legitamit/status/2100713197502173373,legitamit,16,True,2026-09-17T22:27:10+00:00,2026-09-23T04:32:47+00:00,https://api.fxtwitter.com/status/2100713197502173373,below_threshold,,原帖取数未达 200 赞。,Original snapshot is below 200 likes.
2100713337436930288,https://x.com/iwashi86/status/2100713337436930288,iwashi86,437,False,2026-09-17T22:27:43+00:00,2026-09-23T04:29:58+00:00,https://api.fxtwitter.com/status/2100713337436930288,missing_media,,未取得主帖自身图片或视频，引用媒体不替代。,No image/video attached to the original itself; quoted media is not substituted.
2100720936852857271,https://x.com/albicodes/status/2100720936852857271,albicodes,712,True,2026-09-17T22:57:55+00:00,2026-09-23T04:32:47+00:00,https://api.fxtwitter.com/status/2100720936852857271,new_case,visual-reference-finder,正式案例主帖；同项目不重复计数。,Formal main post; the project is counted once.
2100731050075050485,https://x.com/kushbhuwalka/status/2100731050075050485,kushbhuwalka,2025,False,2026-09-17T23:38:06+00:00,2026-09-23T04:29:58+00:00,https://api.fxtwitter.com/status/2100731050075050485,missing_media,,未取得主帖自身图片或视频，引用媒体不替代。,No image/video attached to the original itself; quoted media is not substituted.
2100738237237002706,https://x.com/maubaron/status/2100738237237002706,maubaron,3680,True,2026-09-18T00:06:40+00:00,2026-09-23T04:32:46+00:00,https://api.fxtwitter.com/status/2100738237237002706,new_case,smash-four-agents,正式案例主帖；同项目不重复计数。,Formal main post; the project is counted once.
2100744709589316009,https://x.com/OpenRouter/status/2100744709589316009,OpenRouter,3862,True,2026-09-18T00:32:23+00:00,2026-09-23T04:29:58+00:00,https://api.fxtwitter.com/status/2100744709589316009,not_distinct_app,,公告、讨论、教程合集或传播帖，未单列为独立应用。,"Announcement, discussion, tutorial collection or redistribution; not counted as a distinct app."
2100757989212754085,https://x.com/AlanDaitch/status/2100757989212754085,AlanDaitch,947,True,2026-09-18T01:25:09+00:00,2026-09-23T04:32:46+00:00,https://api.fxtwitter.com/status/2100757989212754085,new_case,secondhand-playwright,正式案例主帖；同项目不重复计数。,Formal main post; the project is counted once.
2100761338918363550,https://x.com/mvanhorn/status/2100761338918363550,mvanhorn,427,False,2026-09-18T01:38:28+00:00,2026-09-23T04:29:59+00:00,https://api.fxtwitter.com/status/2100761338918363550,missing_media,,未取得主帖自身图片或视频，引用媒体不替代。,No image/video attached to the original itself; quoted media is not substituted.
2100780634734002230,https://x.com/SUOHA_AI/status/2100780634734002230,SUOHA_AI,2846,True,2026-09-18T02:55:08+00:00,2026-09-23T04:29:59+00:00,https://api.fxtwitter.com/status/2100780634734002230,duplicate,context-compaction,同项目或已有演示的再传播，不另收卡片。,Same project or redistribution of an existing demo; no additional card.
2100788572316139655,https://x.com/mvanhorn/status/2100788572316139655,mvanhorn,418,False,2026-09-18T03:26:41+00:00,2026-09-23T04:29:59+00:00,https://api.fxtwitter.com/status/2100788572316139655,missing_media,,未取得主帖自身图片或视频，引用媒体不替代。,No image/video attached to the original itself; quoted media is not substituted.
2100801037192024478,https://x.com/yongfook/status/2100801037192024478,yongfook,135,True,2026-09-18T04:16:12+00:00,2026-09-23T04:32:46+00:00,https://api.fxtwitter.com/status/2100801037192024478,below_threshold,,原帖取数未达 200 赞。,Original snapshot is below 200 likes.
2100807349363741132,https://x.com/SaaiArora/status/2100807349363741132,SaaiArora,30,True,2026-09-18T04:41:17+00:00,2026-09-23T04:32:46+00:00,https://api.fxtwitter.com/status/2100807349363741132,below_threshold,,原帖取数未达 200 赞。,Original snapshot is below 200 likes.
2100807838566383819,https://x.com/rrriviannn/status/2100807838566383819,rrriviannn,13,True,2026-09-18T04:43:14+00:00,2026-09-23T04:32:46+00:00,https://api.fxtwitter.com/status/2100807838566383819,below_threshold,,原帖取数未达 200 赞。,Original snapshot is below 200 likes.
2100807905859739779,https://x.com/the_cyw/status/2100807905859739779,the_cyw,18,True,2026-09-18T04:43:30+00:00,2026-09-23T04:32:46+00:00,https://api.fxtwitter.com/status/2100807905859739779,below_threshold,,原帖取数未达 200 赞。,Original snapshot is below 200 likes.
2100813615410634997,https://x.com/wobsoriano/status/2100813615410634997,wobsoriano,196,True,2026-09-18T05:06:11+00:00,2026-09-23T04:32:46+00:00,https://api.fxtwitter.com/status/2100813615410634997,below_threshold,,原帖取数未达 200 赞。,Original snapshot is below 200 likes.
2100814590300889426,https://x.com/instantricecook/status/2100814590300889426,instantricecook,6130,True,2026-09-18T05:10:04+00:00,2026-09-23T04:32:46+00:00,https://api.fxtwitter.com/status/2100814590300889426,new_case,mac-voice-fast-actions,正式案例主帖；同项目不重复计数。,Formal main post; the project is counted once.
2100817199686619348,https://x.com/mittalparth_/status/2100817199686619348,mittalparth_,44,True,2026-09-18T05:20:26+00:00,2026-09-23T04:32:46+00:00,https://api.fxtwitter.com/status/2100817199686619348,below_threshold,,原帖取数未达 200 赞。,Original snapshot is below 200 likes.
2100820581444980736,https://x.com/amagitakayosi/status/2100820581444980736,amagitakayosi,17,True,2026-09-18T05:33:52+00:00,2026-09-23T04:32:46+00:00,https://api.fxtwitter.com/status/2100820581444980736,below_threshold,,原帖取数未达 200 赞。,Original snapshot is below 200 likes.
2100827289349132657,https://x.com/kylejeong/status/2100827289349132657,kylejeong,37,True,2026-09-18T06:00:31+00:00,2026-09-23T04:32:45+00:00,https://api.fxtwitter.com/status/2100827289349132657,below_threshold,,原帖取数未达 200 赞。,Original snapshot is below 200 likes.
2100832108855857325,https://x.com/juminoz/status/2100832108855857325,juminoz,3,True,2026-09-18T06:19:40+00:00,2026-09-23T04:32:45+00:00,https://api.fxtwitter.com/status/2100832108855857325,below_threshold,,原帖取数未达 200 赞。,Original snapshot is below 200 likes.
2100833538224668699,https://x.com/IsaacSin12/status/2100833538224668699,IsaacSin12,149,True,2026-09-18T06:25:21+00:00,2026-09-23T04:32:45+00:00,https://api.fxtwitter.com/status/2100833538224668699,below_threshold,,原帖取数未达 200 赞。,Original snapshot is below 200 likes.
2100833655518367871,https://x.com/lomeshdutta/status/2100833655518367871,lomeshdutta,23,True,2026-09-18T06:25:49+00:00,2026-09-23T04:32:45+00:00,https://api.fxtwitter.com/status/2100833655518367871,below_threshold,,原帖取数未达 200 赞。,Original snapshot is below 200 likes.
2100834561995493476,https://x.com/_shubhankar/status/2100834561995493476,_shubhankar,18,True,2026-09-18T06:29:25+00:00,2026-09-23T04:32:45+00:00,https://api.fxtwitter.com/status/2100834561995493476,below_threshold,,原帖取数未达 200 赞。,Original snapshot is below 200 likes.
2100842364248178833,https://x.com/AnxKhn/status/2100842364248178833,AnxKhn,28,True,2026-09-18T07:00:26+00:00,2026-09-23T04:32:45+00:00,https://api.fxtwitter.com/status/2100842364248178833,below_threshold,,原帖取数未达 200 赞。,Original snapshot is below 200 likes.
2100844705588347238,https://x.com/NesanSelvan04/status/2100844705588347238,NesanSelvan04,6,True,2026-09-18T07:09:44+00:00,2026-09-23T04:32:45+00:00,https://api.fxtwitter.com/status/2100844705588347238,below_threshold,,原帖取数未达 200 赞。,Original snapshot is below 200 likes.
2100844854490103835,https://x.com/tonnoz/status/2100844854490103835,tonnoz,378,True,2026-09-18T07:10:19+00:00,2026-09-23T04:29:59+00:00,https://api.fxtwitter.com/status/2100844854490103835,pending_review,,虽达到点赞/媒体门槛，具体任务、组件分工或独立实现关系尚未充分核清；保留线索，不表示项目无效。,"Meets like/media thresholds, but task details, component roles or implementation identity still need review; retained as a lead, not judged invalid."
2100845388655960112,https://x.com/mikegee/status/2100845388655960112,mikegee,165,True,2026-09-18T07:12:27+00:00,2026-09-23T04:32:44+00:00,https://api.fxtwitter.com/status/2100845388655960112,below_threshold,,原帖取数未达 200 赞。,Original snapshot is below 200 likes.
2100846091281506370,https://x.com/juminoz/status/2100846091281506370,juminoz,5,True,2026-09-18T07:15:14+00:00,2026-09-23T04:32:44+00:00,https://api.fxtwitter.com/status/2100846091281506370,below_threshold,,原帖取数未达 200 赞。,Original snapshot is below 200 likes.
2100850610962919551,https://x.com/thenightshipper/status/2100850610962919551,thenightshipper,11,True,2026-09-18T07:33:12+00:00,2026-09-23T04:32:44+00:00,https://api.fxtwitter.com/status/2100850610962919551,below_threshold,,原帖取数未达 200 赞。,Original snapshot is below 200 likes.
2100851116498186415,https://x.com/DaniiarAbdiev/status/2100851116498186415,DaniiarAbdiev,30,True,2026-09-18T07:35:12+00:00,2026-09-23T04:32:44+00:00,https://api.fxtwitter.com/status/2100851116498186415,below_threshold,,原帖取数未达 200 赞。,Original snapshot is below 200 likes.
2100853837288407365,https://x.com/ForwardFuture/status/2100853837288407365,ForwardFuture,136,True,2026-09-18T07:46:01+00:00,2026-09-23T04:29:59+00:00,https://api.fxtwitter.com/status/2100853837288407365,below_threshold,,原帖取数未达 200 赞。,Original snapshot is below 200 likes.
2100859259915227358,https://x.com/Orus_agent/status/2100859259915227358,Orus_agent,51,True,2026-09-18T08:07:34+00:00,2026-09-23T04:32:44+00:00,https://api.fxtwitter.com/status/2100859259915227358,below_threshold,,原帖取数未达 200 赞。,Original snapshot is below 200 likes.
2100859307671855113,https://x.com/GoSailGlobal/status/2100859307671855113,GoSailGlobal,37,True,2026-09-18T08:07:45+00:00,2026-09-23T04:29:59+00:00,https://api.fxtwitter.com/status/2100859307671855113,below_threshold,,原帖取数未达 200 赞。,Original snapshot is below 200 likes.
2100870244004683886,https://x.com/vladdubchak_x/status/2100870244004683886,vladdubchak_x,56,True,2026-09-18T08:51:13+00:00,2026-09-23T04:32:44+00:00,https://api.fxtwitter.com/status/2100870244004683886,below_threshold,,原帖取数未达 200 赞。,Original snapshot is below 200 likes.
2100873520951808403,https://x.com/thekitze/status/2100873520951808403,thekitze,347,True,2026-09-18T09:04:14+00:00,2026-09-23T04:32:44+00:00,https://api.fxtwitter.com/status/2100873520951808403,pending_review,,虽达到点赞/媒体门槛，具体任务、组件分工或独立实现关系尚未充分核清；保留线索，不表示项目无效。,"Meets like/media thresholds, but task details, component roles or implementation identity still need review; retained as a lead, not judged invalid."
2100876273061102006,https://x.com/jiayuan_jy/status/2100876273061102006,jiayuan_jy,341,False,2026-09-18T09:15:10+00:00,2026-09-23T04:29:59+00:00,https://api.fxtwitter.com/status/2100876273061102006,missing_media,,未取得主帖自身图片或视频，引用媒体不替代。,No image/video attached to the original itself; quoted media is not substituted.
2100877682972258619,https://x.com/GoSailGlobal/status/2100877682972258619,GoSailGlobal,71,True,2026-09-18T09:20:46+00:00,2026-09-23T04:29:59+00:00,https://api.fxtwitter.com/status/2100877682972258619,below_threshold,,原帖取数未达 200 赞。,Original snapshot is below 200 likes.
2100878555047514390,https://x.com/chiziaruhoma/status/2100878555047514390,chiziaruhoma,131,True,2026-09-18T09:24:14+00:00,2026-09-23T04:32:44+00:00,https://api.fxtwitter.com/status/2100878555047514390,below_threshold,,原帖取数未达 200 赞。,Original snapshot is below 200 likes.
2100881974780993668,https://x.com/neural_avb/status/2100881974780993668,neural_avb,65,True,2026-09-18T09:37:49+00:00,2026-09-23T04:32:44+00:00,https://api.fxtwitter.com/status/2100881974780993668,below_threshold,,原帖取数未达 200 赞。,Original snapshot is below 200 likes.
2100882320945520778,https://x.com/AmritNigam2/status/2100882320945520778,AmritNigam2,34,True,2026-09-18T09:39:12+00:00,2026-09-23T04:32:43+00:00,https://api.fxtwitter.com/status/2100882320945520778,below_threshold,,原帖取数未达 200 赞。,Original snapshot is below 200 likes.
2100891604735099103,https://x.com/romanbuildsaas/status/2100891604735099103,romanbuildsaas,3364,True,2026-09-18T10:16:05+00:00,2026-09-23T04:29:59+00:00,https://api.fxtwitter.com/status/2100891604735099103,new_case,gojiberry-outreach,正式案例主帖；同项目不重复计数。,Formal main post; the project is counted once.
2100894473085489510,https://x.com/AIsaOneHQ/status/2100894473085489510,AIsaOneHQ,15,True,2026-09-18T10:27:29+00:00,2026-09-23T04:32:43+00:00,https://api.fxtwitter.com/status/2100894473085489510,below_threshold,,原帖取数未达 200 赞。,Original snapshot is below 200 likes.
2100895894287839255,https://x.com/moritzkremb/status/2100895894287839255,moritzkremb,4451,True,2026-09-18T10:33:08+00:00,2026-09-23T04:29:59+00:00,https://api.fxtwitter.com/status/2100895894287839255,not_distinct_app,,公告、讨论、教程合集或传播帖，未单列为独立应用。,"Announcement, discussion, tutorial collection or redistribution; not counted as a distinct app."
2100902217515454507,https://x.com/DavidOndrej1/status/2100902217515454507,DavidOndrej1,349,True,2026-09-18T10:58:16+00:00,2026-09-23T04:30:00+00:00,https://api.fxtwitter.com/status/2100902217515454507,pending_review,,虽达到点赞/媒体门槛，具体任务、组件分工或独立实现关系尚未充分核清；保留线索，不表示项目无效。,"Meets like/media thresholds, but task details, component roles or implementation identity still need review; retained as a lead, not judged invalid."
2100902559313502602,https://x.com/peer_rich/status/2100902559313502602,peer_rich,124,True,2026-09-18T10:59:37+00:00,2026-09-23T04:32:43+00:00,https://api.fxtwitter.com/status/2100902559313502602,below_threshold,,原帖取数未达 200 赞。,Original snapshot is below 200 likes.
2100903520425677027,https://x.com/tommyvedvik/status/2100903520425677027,tommyvedvik,13,True,2026-09-18T11:03:26+00:00,2026-09-23T04:32:43+00:00,https://api.fxtwitter.com/status/2100903520425677027,below_threshold,,原帖取数未达 200 赞。,Original snapshot is below 200 likes.
2100904864519770170,https://x.com/joey_build/status/2100904864519770170,joey_build,3,True,2026-09-18T11:08:47+00:00,2026-09-23T04:32:43+00:00,https://api.fxtwitter.com/status/2100904864519770170,below_threshold,,原帖取数未达 200 赞。,Original snapshot is below 200 likes.
2100906203396337686,https://x.com/Taufiq_ansari01/status/2100906203396337686,Taufiq_ansari01,8,True,2026-09-18T11:14:06+00:00,2026-09-23T04:32:43+00:00,https://api.fxtwitter.com/status/2100906203396337686,below_threshold,,原帖取数未达 200 赞。,Original snapshot is below 200 likes.
2100907261593829675,https://x.com/marcelpociot/status/2100907261593829675,marcelpociot,134,True,2026-09-18T11:18:18+00:00,2026-09-23T04:32:43+00:00,https://api.fxtwitter.com/status/2100907261593829675,below_threshold,,原帖取数未达 200 赞。,Original snapshot is below 200 likes.
2100910232255992032,https://x.com/zaidmukaddam/status/2100910232255992032,zaidmukaddam,96,True,2026-09-18T11:30:07+00:00,2026-09-23T04:32:43+00:00,https://api.fxtwitter.com/status/2100910232255992032,below_threshold,,原帖取数未达 200 赞。,Original snapshot is below 200 likes.
2100912453999587657,https://x.com/pierreeliottlal/status/2100912453999587657,pierreeliottlal,114,True,2026-09-18T11:38:56+00:00,2026-09-23T04:32:42+00:00,https://api.fxtwitter.com/status/2100912453999587657,below_threshold,,原帖取数未达 200 赞。,Original snapshot is below 200 likes.
2100913118528393596,https://x.com/0x_kaize/status/2100913118528393596,0x_kaize,36,True,2026-09-18T11:41:35+00:00,2026-09-23T04:32:42+00:00,https://api.fxtwitter.com/status/2100913118528393596,below_threshold,,原帖取数未达 200 赞。,Original snapshot is below 200 likes.
2100915304062710263,https://x.com/redp314/status/2100915304062710263,redp314,5,True,2026-09-18T11:50:16+00:00,2026-09-23T04:32:42+00:00,https://api.fxtwitter.com/status/2100915304062710263,below_threshold,,原帖取数未达 200 赞。,Original snapshot is below 200 likes.
2100919415554617537,https://x.com/chddaniel/status/2100919415554617537,chddaniel,408,True,2026-09-18T12:06:36+00:00,2026-09-23T04:32:42+00:00,https://api.fxtwitter.com/status/2100919415554617537,pending_review,,虽达到点赞/媒体门槛，具体任务、组件分工或独立实现关系尚未充分核清；保留线索，不表示项目无效。,"Meets like/media thresholds, but task details, component roles or implementation identity still need review; retained as a lead, not judged invalid."
2100923960493818177,https://x.com/xiaomovps/status/2100923960493818177,xiaomovps,480,False,2026-09-18T12:24:40+00:00,2026-09-23T04:30:00+00:00,https://api.fxtwitter.com/status/2100923960493818177,missing_media,,未取得主帖自身图片或视频，引用媒体不替代。,No image/video attached to the original itself; quoted media is not substituted.
2100927101327028484,https://x.com/ErickSky/status/2100927101327028484,ErickSky,54,True,2026-09-18T12:37:08+00:00,2026-09-23T04:30:00+00:00,https://api.fxtwitter.com/status/2100927101327028484,below_threshold,,原帖取数未达 200 赞。,Original snapshot is below 200 likes.
2100927660029247538,https://x.com/sotak/status/2100927660029247538,sotak,24,True,2026-09-18T12:39:22+00:00,2026-09-23T04:32:42+00:00,https://api.fxtwitter.com/status/2100927660029247538,below_threshold,,原帖取数未达 200 赞。,Original snapshot is below 200 likes.
2100928133608472817,https://x.com/ctnicholasdev/status/2100928133608472817,ctnicholasdev,741,True,2026-09-18T12:41:15+00:00,2026-09-23T04:30:00+00:00,https://api.fxtwitter.com/status/2100928133608472817,pending_review,,虽达到点赞/媒体门槛，具体任务、组件分工或独立实现关系尚未充分核清；保留线索，不表示项目无效。,"Meets like/media thresholds, but task details, component roles or implementation identity still need review; retained as a lead, not judged invalid."
2100928490367230201,https://x.com/0xkaushik_k/status/2100928490367230201,0xkaushik_k,10,True,2026-09-18T12:42:40+00:00,2026-09-23T04:32:42+00:00,https://api.fxtwitter.com/status/2100928490367230201,below_threshold,,原帖取数未达 200 赞。,Original snapshot is below 200 likes.
2100932130196852896,https://x.com/alexjhancock/status/2100932130196852896,alexjhancock,24,True,2026-09-18T12:57:07+00:00,2026-09-23T04:32:42+00:00,https://api.fxtwitter.com/status/2100932130196852896,below_threshold,,原帖取数未达 200 赞。,Original snapshot is below 200 likes.
2100933101966758250,https://x.com/145k4/status/2100933101966758250,145k4,14,True,2026-09-18T13:00:59+00:00,2026-09-23T04:32:42+00:00,https://api.fxtwitter.com/status/2100933101966758250,below_threshold,,原帖取数未达 200 赞。,Original snapshot is below 200 likes.
2100933183931900346,https://x.com/hqmank/status/2100933183931900346,hqmank,75,True,2026-09-18T13:01:19+00:00,2026-09-23T04:32:41+00:00,https://api.fxtwitter.com/status/2100933183931900346,below_threshold,,原帖取数未达 200 赞。,Original snapshot is below 200 likes.
2100934084503519325,https://x.com/mariojankovic/status/2100934084503519325,mariojankovic,3,True,2026-09-18T13:04:53+00:00,2026-09-23T04:32:41+00:00,https://api.fxtwitter.com/status/2100934084503519325,below_threshold,,原帖取数未达 200 赞。,Original snapshot is below 200 likes.
2100934588205851015,https://x.com/ChmalSzymon/status/2100934588205851015,ChmalSzymon,16,True,2026-09-18T13:06:53+00:00,2026-09-23T04:32:41+00:00,https://api.fxtwitter.com/status/2100934588205851015,below_threshold,,原帖取数未达 200 赞。,Original snapshot is below 200 likes.
2100936455401214327,https://x.com/StarchildOnX/status/2100936455401214327,StarchildOnX,30,True,2026-09-18T13:14:19+00:00,2026-09-23T04:32:41+00:00,https://api.fxtwitter.com/status/2100936455401214327,below_threshold,,原帖取数未达 200 赞。,Original snapshot is below 200 likes.
2100937772030927216,https://x.com/vansitha12/status/2100937772030927216,vansitha12,60,True,2026-09-18T13:19:33+00:00,2026-09-23T04:32:41+00:00,https://api.fxtwitter.com/status/2100937772030927216,below_threshold,,原帖取数未达 200 赞。,Original snapshot is below 200 likes.
2100939102455751049,https://x.com/yoheinakajima/status/2100939102455751049,yoheinakajima,73,True,2026-09-18T13:24:50+00:00,2026-09-23T04:32:41+00:00,https://api.fxtwitter.com/status/2100939102455751049,below_threshold,,原帖取数未达 200 赞。,Original snapshot is below 200 likes.
2100939189869002819,https://x.com/mightyking/status/2100939189869002819,mightyking,452,True,2026-09-18T13:25:11+00:00,2026-09-23T04:32:41+00:00,https://api.fxtwitter.com/status/2100939189869002819,duplicate,maxfusion-ad-classifier,同项目或已有演示的再传播，不另收卡片。,Same project or redistribution of an existing demo; no additional card.
2100945960671326482,https://x.com/yoheinakajima/status/2100945960671326482,yoheinakajima,267,True,2026-09-18T13:52:05+00:00,2026-09-23T04:32:41+00:00,https://api.fxtwitter.com/status/2100945960671326482,pending_review,,虽达到点赞/媒体门槛，具体任务、组件分工或独立实现关系尚未充分核清；保留线索，不表示项目无效。,"Meets like/media thresholds, but task details, component roles or implementation identity still need review; retained as a lead, not judged invalid."
2100946109308748079,https://x.com/mikehostetler/status/2100946109308748079,mikehostetler,41,True,2026-09-18T13:52:40+00:00,2026-09-23T04:32:41+00:00,https://api.fxtwitter.com/status/2100946109308748079,below_threshold,,原帖取数未达 200 赞。,Original snapshot is below 200 likes.
2100946207530955145,https://x.com/charlielamb/status/2100946207530955145,charlielamb,30,True,2026-09-18T13:53:04+00:00,2026-09-23T04:32:40+00:00,https://api.fxtwitter.com/status/2100946207530955145,below_threshold,,原帖取数未达 200 赞。,Original snapshot is below 200 likes.
2100946286136406421,https://x.com/CharlieMolthrop/status/2100946286136406421,CharlieMolthrop,116,True,2026-09-18T13:53:22+00:00,2026-09-23T04:32:40+00:00,https://api.fxtwitter.com/status/2100946286136406421,below_threshold,,原帖取数未达 200 赞。,Original snapshot is below 200 likes.
2100946657965912253,https://x.com/Yarilo7brigada/status/2100946657965912253,Yarilo7brigada,65,True,2026-09-18T13:54:51+00:00,2026-09-23T04:32:40+00:00,https://api.fxtwitter.com/status/2100946657965912253,below_threshold,,原帖取数未达 200 赞。,Original snapshot is below 200 likes.
2100949805573030378,https://x.com/aresotik/status/2100949805573030378,aresotik,153,True,2026-09-18T14:07:22+00:00,2026-09-23T04:32:40+00:00,https://api.fxtwitter.com/status/2100949805573030378,below_threshold,,原帖取数未达 200 赞。,Original snapshot is below 200 likes.
2100950317852455039,https://x.com/MKhordoo/status/2100950317852455039,MKhordoo,12,True,2026-09-18T14:09:24+00:00,2026-09-23T04:32:40+00:00,https://api.fxtwitter.com/status/2100950317852455039,below_threshold,,原帖取数未达 200 赞。,Original snapshot is below 200 likes.
2100951347080421409,https://x.com/elvissun/status/2100951347080421409,elvissun,3930,True,2026-09-18T14:13:29+00:00,2026-09-23T04:32:40+00:00,https://api.fxtwitter.com/status/2100951347080421409,new_case,news-brand-matching,正式案例主帖；同项目不重复计数。,Formal main post; the project is counted once.
2100951738606035176,https://x.com/raihankhan_rk/status/2100951738606035176,raihankhan_rk,37,True,2026-09-18T14:15:02+00:00,2026-09-23T04:32:40+00:00,https://api.fxtwitter.com/status/2100951738606035176,below_threshold,,原帖取数未达 200 赞。,Original snapshot is below 200 likes.
2100952069461127257,https://x.com/CombosFun_AI/status/2100952069461127257,CombosFun_AI,6,True,2026-09-18T14:16:21+00:00,2026-09-23T04:32:40+00:00,https://api.fxtwitter.com/status/2100952069461127257,below_threshold,,原帖取数未达 200 赞。,Original snapshot is below 200 likes.
2100953791260397747,https://x.com/Neel490/status/2100953791260397747,Neel490,14,True,2026-09-18T14:23:12+00:00,2026-09-23T04:32:39+00:00,https://api.fxtwitter.com/status/2100953791260397747,below_threshold,,原帖取数未达 200 赞。,Original snapshot is below 200 likes.
2100955039455985933,https://x.com/fabianstelzer/status/2100955039455985933,fabianstelzer,95,True,2026-09-18T14:28:09+00:00,2026-09-23T04:32:39+00:00,https://api.fxtwitter.com/status/2100955039455985933,below_threshold,,原帖取数未达 200 赞。,Original snapshot is below 200 likes.
2100955502075388250,https://x.com/ahmedgagan11/status/2100955502075388250,ahmedgagan11,27,True,2026-09-18T14:30:00+00:00,2026-09-23T04:32:39+00:00,https://api.fxtwitter.com/status/2100955502075388250,below_threshold,,原帖取数未达 200 赞。,Original snapshot is below 200 likes.
2100955913913774437,https://x.com/luckeyfaraday/status/2100955913913774437,luckeyfaraday,14,True,2026-09-18T14:31:38+00:00,2026-09-23T04:32:39+00:00,https://api.fxtwitter.com/status/2100955913913774437,below_threshold,,原帖取数未达 200 赞。,Original snapshot is below 200 likes.
2100959576682012988,https://x.com/rafalwilinski/status/2100959576682012988,rafalwilinski,910,True,2026-09-18T14:46:11+00:00,2026-09-23T04:30:00+00:00,https://api.fxtwitter.com/status/2100959576682012988,pending_review,,虽达到点赞/媒体门槛，具体任务、组件分工或独立实现关系尚未充分核清；保留线索，不表示项目无效。,"Meets like/media thresholds, but task details, component roles or implementation identity still need review; retained as a lead, not judged invalid."
2100961111319429403,https://x.com/themkmaker/status/2100961111319429403,themkmaker,73,True,2026-09-18T14:52:17+00:00,2026-09-23T04:32:39+00:00,https://api.fxtwitter.com/status/2100961111319429403,below_threshold,,原帖取数未达 200 赞。,Original snapshot is below 200 likes.
2100962091498684848,https://x.com/TheBalkanHacker/status/2100962091498684848,TheBalkanHacker,43,True,2026-09-18T14:56:11+00:00,2026-09-23T04:32:39+00:00,https://api.fxtwitter.com/status/2100962091498684848,below_threshold,,原帖取数未达 200 赞。,Original snapshot is below 200 likes.
2100963005764919517,https://x.com/GulatiYajat/status/2100963005764919517,GulatiYajat,40,True,2026-09-18T14:59:49+00:00,2026-09-23T04:32:39+00:00,https://api.fxtwitter.com/status/2100963005764919517,below_threshold,,原帖取数未达 200 赞。,Original snapshot is below 200 likes.
2100963424163307712,https://x.com/filicroval/status/2100963424163307712,filicroval,12,True,2026-09-18T15:01:28+00:00,2026-09-23T04:32:39+00:00,https://api.fxtwitter.com/status/2100963424163307712,below_threshold,,原帖取数未达 200 赞。,Original snapshot is below 200 likes.
2100963628484624670,https://x.com/nickfromlater/status/2100963628484624670,nickfromlater,16,True,2026-09-18T15:02:17+00:00,2026-09-23T04:32:39+00:00,https://api.fxtwitter.com/status/2100963628484624670,below_threshold,,原帖取数未达 200 赞。,Original snapshot is below 200 likes.
2100965455506628834,https://x.com/unicodeveloper/status/2100965455506628834,unicodeveloper,91,True,2026-09-18T15:09:33+00:00,2026-09-23T04:32:38+00:00,https://api.fxtwitter.com/status/2100965455506628834,below_threshold,,原帖取数未达 200 赞。,Original snapshot is below 200 likes.
2100965547454374316,https://x.com/cipherwrk/status/2100965547454374316,cipherwrk,4,True,2026-09-18T15:09:55+00:00,2026-09-23T04:32:38+00:00,https://api.fxtwitter.com/status/2100965547454374316,below_threshold,,原帖取数未达 200 赞。,Original snapshot is below 200 likes.
2100965880242770423,https://x.com/corentAI/status/2100965880242770423,corentAI,326,True,2026-09-18T15:11:14+00:00,2026-09-23T04:32:38+00:00,https://api.fxtwitter.com/status/2100965880242770423,new_case,corent-router,正式案例主帖；同项目不重复计数。,Formal main post; the project is counted once.
2100966334179770675,https://x.com/Cryptonaire19/status/2100966334179770675,Cryptonaire19,29,True,2026-09-18T15:13:02+00:00,2026-09-23T04:32:38+00:00,https://api.fxtwitter.com/status/2100966334179770675,below_threshold,,原帖取数未达 200 赞。,Original snapshot is below 200 likes.
2100966999602102520,https://x.com/Entelic_Aria/status/2100966999602102520,Entelic_Aria,35,True,2026-09-18T15:15:41+00:00,2026-09-23T04:32:38+00:00,https://api.fxtwitter.com/status/2100966999602102520,below_threshold,,原帖取数未达 200 赞。,Original snapshot is below 200 likes.
2100968037117780130,https://x.com/will_caskets/status/2100968037117780130,will_caskets,7,True,2026-09-18T15:19:48+00:00,2026-09-23T04:32:38+00:00,https://api.fxtwitter.com/status/2100968037117780130,below_threshold,,原帖取数未达 200 赞。,Original snapshot is below 200 likes.
2100968892591968320,https://x.com/Dayhaysoos/status/2100968892591968320,Dayhaysoos,15,True,2026-09-18T15:23:12+00:00,2026-09-23T04:32:38+00:00,https://api.fxtwitter.com/status/2100968892591968320,below_threshold,,原帖取数未达 200 赞。,Original snapshot is below 200 likes.
2100969755318370699,https://x.com/MarcelooMendes/status/2100969755318370699,MarcelooMendes,4,True,2026-09-18T15:26:38+00:00,2026-09-23T04:32:37+00:00,https://api.fxtwitter.com/status/2100969755318370699,below_threshold,,原帖取数未达 200 赞。,Original snapshot is below 200 likes.
2100970810483823086,https://x.com/adrianmg/status/2100970810483823086,adrianmg,30,True,2026-09-18T15:30:50+00:00,2026-09-23T04:32:37+00:00,https://api.fxtwitter.com/status/2100970810483823086,below_threshold,,原帖取数未达 200 赞。,Original snapshot is below 200 likes.
2100971168912048153,https://x.com/mttcnnng/status/2100971168912048153,mttcnnng,1,True,2026-09-18T15:32:15+00:00,2026-09-23T04:32:37+00:00,https://api.fxtwitter.com/status/2100971168912048153,below_threshold,,原帖取数未达 200 赞。,Original snapshot is below 200 likes.
2100971356691247377,https://x.com/eltokh7/status/2100971356691247377,eltokh7,16,True,2026-09-18T15:33:00+00:00,2026-09-23T04:32:37+00:00,https://api.fxtwitter.com/status/2100971356691247377,below_threshold,,原帖取数未达 200 赞。,Original snapshot is below 200 likes.
2100975114753892550,https://x.com/s3ththompson/status/2100975114753892550,s3ththompson,171,True,2026-09-18T15:47:56+00:00,2026-09-23T04:32:37+00:00,https://api.fxtwitter.com/status/2100975114753892550,below_threshold,,原帖取数未达 200 赞。,Original snapshot is below 200 likes.
2100976648552169805,https://x.com/RBilgil/status/2100976648552169805,RBilgil,16036,True,2026-09-18T15:54:01+00:00,2026-09-23T04:32:37+00:00,https://api.fxtwitter.com/status/2100976648552169805,pending_review,,虽达到点赞/媒体门槛，具体任务、组件分工或独立实现关系尚未充分核清；保留线索，不表示项目无效。,"Meets like/media thresholds, but task details, component roles or implementation identity still need review; retained as a lead, not judged invalid."
2100979972194369925,https://x.com/MisbahSy/status/2100979972194369925,MisbahSy,483,True,2026-09-18T16:07:14+00:00,2026-09-23T04:32:37+00:00,https://api.fxtwitter.com/status/2100979972194369925,new_case,ocr-page-router,正式案例主帖；同项目不重复计数。,Formal main post; the project is counted once.
2100980770206879849,https://x.com/sarvagya_kul/status/2100980770206879849,sarvagya_kul,1770,True,2026-09-18T16:10:24+00:00,2026-09-23T04:30:00+00:00,https://api.fxtwitter.com/status/2100980770206879849,new_case,backdoor-job-matching,正式案例主帖；同项目不重复计数。,Formal main post; the project is counted once.
2100981707105284255,https://x.com/softwarecuddler/status/2100981707105284255,softwarecuddler,60,True,2026-09-18T16:14:07+00:00,2026-09-23T04:32:37+00:00,https://api.fxtwitter.com/status/2100981707105284255,below_threshold,,原帖取数未达 200 赞。,Original snapshot is below 200 likes.
2100982108873191861,https://x.com/iannuttall/status/2100982108873191861,iannuttall,2603,False,2026-09-18T16:15:43+00:00,2026-09-23T04:30:00+00:00,https://api.fxtwitter.com/status/2100982108873191861,missing_media,,未取得主帖自身图片或视频，引用媒体不替代。,No image/video attached to the original itself; quoted media is not substituted.
2100984487802708306,https://x.com/0xCodila/status/2100984487802708306,0xCodila,3098,False,2026-09-18T16:25:10+00:00,2026-09-23T04:30:00+00:00,https://api.fxtwitter.com/status/2100984487802708306,missing_media,,未取得主帖自身图片或视频，引用媒体不替代。,No image/video attached to the original itself; quoted media is not substituted.
2100984559215247814,https://x.com/YouWareAI/status/2100984559215247814,YouWareAI,21,True,2026-09-18T16:25:27+00:00,2026-09-23T04:32:37+00:00,https://api.fxtwitter.com/status/2100984559215247814,below_threshold,,原帖取数未达 200 赞。,Original snapshot is below 200 likes.
2100984628811084144,https://x.com/ziwenxu_/status/2100984628811084144,ziwenxu_,21,True,2026-09-18T16:25:44+00:00,2026-09-23T04:32:36+00:00,https://api.fxtwitter.com/status/2100984628811084144,below_threshold,,原帖取数未达 200 赞。,Original snapshot is below 200 likes.
2100985027093749764,https://x.com/narphorium/status/2100985027093749764,narphorium,501,True,2026-09-18T16:27:19+00:00,2026-09-23T04:32:36+00:00,https://api.fxtwitter.com/status/2100985027093749764,new_case,plain-english-interpreter,正式案例主帖；同项目不重复计数。,Formal main post; the project is counted once.
2100985031703269425,https://x.com/ASofiMahmudi/status/2100985031703269425,ASofiMahmudi,244,True,2026-09-18T16:27:20+00:00,2026-09-23T04:32:36+00:00,https://api.fxtwitter.com/status/2100985031703269425,new_case,jev-reviewer-papers,正式案例主帖；同项目不重复计数。,Formal main post; the project is counted once.
2100986774742765991,https://x.com/BhosalePratim/status/2100986774742765991,BhosalePratim,477,True,2026-09-18T16:34:16+00:00,2026-09-23T04:32:36+00:00,https://api.fxtwitter.com/status/2100986774742765991,new_case,voice-partial-tools,正式案例主帖；同项目不重复计数。,Formal main post; the project is counted once.
2100987079488409741,https://x.com/jerry543/status/2100987079488409741,jerry543,2,True,2026-09-18T16:35:28+00:00,2026-09-23T04:32:36+00:00,https://api.fxtwitter.com/status/2100987079488409741,below_threshold,,原帖取数未达 200 赞。,Original snapshot is below 200 likes.
2100987661926252737,https://x.com/johnyeo_/status/2100987661926252737,johnyeo_,167,True,2026-09-18T16:37:47+00:00,2026-09-23T04:32:36+00:00,https://api.fxtwitter.com/status/2100987661926252737,below_threshold,,原帖取数未达 200 赞。,Original snapshot is below 200 likes.
2100989012966031417,https://x.com/Juris_Savos/status/2100989012966031417,Juris_Savos,13,True,2026-09-18T16:43:09+00:00,2026-09-23T04:32:36+00:00,https://api.fxtwitter.com/status/2100989012966031417,below_threshold,,原帖取数未达 200 赞。,Original snapshot is below 200 likes.
2100990085340496185,https://x.com/verbove/status/2100990085340496185,verbove,5,True,2026-09-18T16:47:25+00:00,2026-09-23T04:32:36+00:00,https://api.fxtwitter.com/status/2100990085340496185,below_threshold,,原帖取数未达 200 赞。,Original snapshot is below 200 likes.
2100993278955188320,https://x.com/Box/status/2100993278955188320,Box,36,True,2026-09-18T17:00:06+00:00,2026-09-23T04:32:36+00:00,https://api.fxtwitter.com/status/2100993278955188320,below_threshold,,原帖取数未达 200 赞。,Original snapshot is below 200 likes.
2100994779291259187,https://x.com/sawyerhood/status/2100994779291259187,sawyerhood,203,True,2026-09-18T17:06:04+00:00,2026-09-23T04:32:35+00:00,https://api.fxtwitter.com/status/2100994779291259187,new_case,prompt-box-router,正式案例主帖；同项目不重复计数。,Formal main post; the project is counted once.
2100999124099195377,https://x.com/ENowoslawski/status/2100999124099195377,ENowoslawski,66,True,2026-09-18T17:23:20+00:00,2026-09-23T04:32:35+00:00,https://api.fxtwitter.com/status/2100999124099195377,below_threshold,,原帖取数未达 200 赞。,Original snapshot is below 200 likes.
2101001041903009987,https://x.com/mmalisper/status/2101001041903009987,mmalisper,164,True,2026-09-18T17:30:57+00:00,2026-09-23T04:32:35+00:00,https://api.fxtwitter.com/status/2101001041903009987,below_threshold,,原帖取数未达 200 赞。,Original snapshot is below 200 likes.
2101006253829046539,https://x.com/picocreator/status/2101006253829046539,picocreator,1246,True,2026-09-18T17:51:40+00:00,2026-09-23T04:32:35+00:00,https://api.fxtwitter.com/status/2101006253829046539,outside_scope,,独立兼容/仿制模型，不能直接计为 TypeSafe Jev 应用。,"Independent compatible/clone model, not automatically a TypeSafe Jev application."
2101006617223508022,https://x.com/krispuckett/status/2101006617223508022,krispuckett,20,True,2026-09-18T17:53:07+00:00,2026-09-23T04:32:35+00:00,https://api.fxtwitter.com/status/2101006617223508022,below_threshold,,原帖取数未达 200 赞。,Original snapshot is below 200 likes.
2101007482919227841,https://x.com/0xMovez/status/2101007482919227841,0xMovez,774,False,2026-09-18T17:56:33+00:00,2026-09-23T04:30:01+00:00,https://api.fxtwitter.com/status/2101007482919227841,missing_media,,未取得主帖自身图片或视频，引用媒体不替代。,No image/video attached to the original itself; quoted media is not substituted.
2101010773157761481,https://x.com/nutlope/status/2101010773157761481,nutlope,324,True,2026-09-18T18:09:37+00:00,2026-09-23T04:32:35+00:00,https://api.fxtwitter.com/status/2101010773157761481,new_case,chess-glm-comparison,正式案例主帖；同项目不重复计数。,Formal main post; the project is counted once.
2101012033340571952,https://x.com/tarasshyn/status/2101012033340571952,tarasshyn,835,True,2026-09-18T18:14:38+00:00,2026-09-23T04:30:01+00:00,https://api.fxtwitter.com/status/2101012033340571952,new_case,flowsery-replay,正式案例主帖；同项目不重复计数。,Formal main post; the project is counted once.
2101014788575035689,https://x.com/BuilderShivam/status/2101014788575035689,BuilderShivam,9,True,2026-09-18T18:25:35+00:00,2026-09-23T04:32:35+00:00,https://api.fxtwitter.com/status/2101014788575035689,below_threshold,,原帖取数未达 200 赞。,Original snapshot is below 200 likes.
2101015355133227348,https://x.com/Mnilax/status/2101015355133227348,Mnilax,112,True,2026-09-18T18:27:50+00:00,2026-09-23T04:32:35+00:00,https://api.fxtwitter.com/status/2101015355133227348,below_threshold,,原帖取数未达 200 赞。,Original snapshot is below 200 likes.
2101016673109016622,https://x.com/eltokh7/status/2101016673109016622,eltokh7,9,True,2026-09-18T18:33:04+00:00,2026-09-23T04:32:35+00:00,https://api.fxtwitter.com/status/2101016673109016622,below_threshold,,原帖取数未达 200 赞。,Original snapshot is below 200 likes.
2101017732913529326,https://x.com/hityyhz/status/2101017732913529326,hityyhz,41,True,2026-09-18T18:37:17+00:00,2026-09-23T04:32:34+00:00,https://api.fxtwitter.com/status/2101017732913529326,below_threshold,,原帖取数未达 200 赞。,Original snapshot is below 200 likes.
2101018750916948237,https://x.com/gregisenberg/status/2101018750916948237,gregisenberg,1553,True,2026-09-18T18:41:19+00:00,2026-09-23T04:30:01+00:00,https://api.fxtwitter.com/status/2101018750916948237,not_distinct_app,,公告、讨论、教程合集或传播帖，未单列为独立应用。,"Announcement, discussion, tutorial collection or redistribution; not counted as a distinct app."
2101018760371171420,https://x.com/dimentary/status/2101018760371171420,dimentary,626,True,2026-09-18T18:41:22+00:00,2026-09-23T04:32:34+00:00,https://api.fxtwitter.com/status/2101018760371171420,new_case,mujoco-two-stage,正式案例主帖；同项目不重复计数。,Formal main post; the project is counted once.
2101019513676345555,https://x.com/john_bortotti/status/2101019513676345555,john_bortotti,790,True,2026-09-18T18:44:21+00:00,2026-09-23T04:32:34+00:00,https://api.fxtwitter.com/status/2101019513676345555,new_case,mutuals-character,正式案例主帖；同项目不重复计数。,Formal main post; the project is counted once.
2101019948684279862,https://x.com/abolbuild/status/2101019948684279862,abolbuild,90,True,2026-09-18T18:46:05+00:00,2026-09-23T04:32:34+00:00,https://api.fxtwitter.com/status/2101019948684279862,below_threshold,,原帖取数未达 200 赞。,Original snapshot is below 200 likes.
2101020398477365629,https://x.com/hanznathanpo/status/2101020398477365629,hanznathanpo,16,True,2026-09-18T18:47:52+00:00,2026-09-23T04:32:34+00:00,https://api.fxtwitter.com/status/2101020398477365629,below_threshold,,原帖取数未达 200 赞。,Original snapshot is below 200 likes.
2101020586931875932,https://x.com/the_cyw/status/2101020586931875932,the_cyw,79,True,2026-09-18T18:48:37+00:00,2026-09-23T04:32:34+00:00,https://api.fxtwitter.com/status/2101020586931875932,below_threshold,,原帖取数未达 200 赞。,Original snapshot is below 200 likes.
2101021237417787819,https://x.com/nottecore/status/2101021237417787819,nottecore,12,True,2026-09-18T18:51:12+00:00,2026-09-23T04:32:34+00:00,https://api.fxtwitter.com/status/2101021237417787819,below_threshold,,原帖取数未达 200 赞。,Original snapshot is below 200 likes.
2101021361351131464,https://x.com/k_grajeda/status/2101021361351131464,k_grajeda,47,True,2026-09-18T18:51:42+00:00,2026-09-23T04:32:33+00:00,https://api.fxtwitter.com/status/2101021361351131464,below_threshold,,原帖取数未达 200 赞。,Original snapshot is below 200 likes.
2101021471644733867,https://x.com/metrox_eth/status/2101021471644733867,metrox_eth,112,True,2026-09-18T18:52:08+00:00,2026-09-23T04:32:33+00:00,https://api.fxtwitter.com/status/2101021471644733867,below_threshold,,原帖取数未达 200 赞。,Original snapshot is below 200 likes.
2101022133753430365,https://x.com/higgsfield_ai/status/2101022133753430365,higgsfield_ai,20,True,2026-09-18T18:54:46+00:00,2026-09-23T04:32:33+00:00,https://api.fxtwitter.com/status/2101022133753430365,below_threshold,,原帖取数未达 200 赞。,Original snapshot is below 200 likes.
2101022590722810271,https://x.com/gokayfem/status/2101022590722810271,gokayfem,268,True,2026-09-18T18:56:35+00:00,2026-09-23T04:32:33+00:00,https://api.fxtwitter.com/status/2101022590722810271,new_case,whale-city-game,正式案例主帖；同项目不重复计数。,Formal main post; the project is counted once.
2101023899265692100,https://x.com/mahirb22/status/2101023899265692100,mahirb22,2,True,2026-09-18T19:01:47+00:00,2026-09-23T04:32:33+00:00,https://api.fxtwitter.com/status/2101023899265692100,below_threshold,,原帖取数未达 200 赞。,Original snapshot is below 200 likes.
2101025059909353718,https://x.com/ishuagra02/status/2101025059909353718,ishuagra02,16,True,2026-09-18T19:06:24+00:00,2026-09-23T04:32:33+00:00,https://api.fxtwitter.com/status/2101025059909353718,below_threshold,,原帖取数未达 200 赞。,Original snapshot is below 200 likes.
2101026313871970721,https://x.com/SSHCodes/status/2101026313871970721,SSHCodes,26,True,2026-09-18T19:11:23+00:00,2026-09-23T04:32:33+00:00,https://api.fxtwitter.com/status/2101026313871970721,below_threshold,,原帖取数未达 200 赞。,Original snapshot is below 200 likes.
2101026520185622589,https://x.com/2ndpsy/status/2101026520185622589,2ndpsy,16,True,2026-09-18T19:12:12+00:00,2026-09-23T04:32:33+00:00,https://api.fxtwitter.com/status/2101026520185622589,below_threshold,,原帖取数未达 200 赞。,Original snapshot is below 200 likes.
2101028527978020920,https://x.com/Neel490/status/2101028527978020920,Neel490,73,True,2026-09-18T19:20:10+00:00,2026-09-23T04:32:32+00:00,https://api.fxtwitter.com/status/2101028527978020920,below_threshold,,原帖取数未达 200 赞。,Original snapshot is below 200 likes.
2101029238883164288,https://x.com/nicdunz/status/2101029238883164288,nicdunz,4,True,2026-09-18T19:23:00+00:00,2026-09-23T04:32:32+00:00,https://api.fxtwitter.com/status/2101029238883164288,below_threshold,,原帖取数未达 200 赞。,Original snapshot is below 200 likes.
2101029816975663312,https://x.com/RealAstropulse/status/2101029816975663312,RealAstropulse,164,True,2026-09-18T19:25:18+00:00,2026-09-23T04:32:32+00:00,https://api.fxtwitter.com/status/2101029816975663312,below_threshold,,原帖取数未达 200 赞。,Original snapshot is below 200 likes.
2101032641470386481,https://x.com/cocktailpeanut/status/2101032641470386481,cocktailpeanut,170,True,2026-09-18T19:36:31+00:00,2026-09-23T04:32:32+00:00,https://api.fxtwitter.com/status/2101032641470386481,below_threshold,,原帖取数未达 200 赞。,Original snapshot is below 200 likes.
2101032931456168098,https://x.com/kevinkern/status/2101032931456168098,kevinkern,12,True,2026-09-18T19:37:40+00:00,2026-09-23T04:32:32+00:00,https://api.fxtwitter.com/status/2101032931456168098,below_threshold,,原帖取数未达 200 赞。,Original snapshot is below 200 likes.
2101033282414768456,https://x.com/MiguelriosEN/status/2101033282414768456,MiguelriosEN,312,True,2026-09-18T19:39:04+00:00,2026-09-23T04:32:32+00:00,https://api.fxtwitter.com/status/2101033282414768456,merged_source,agentrun,并入对应案例作为补充，不计新增应用，点赞不累计。,"Merged as supporting evidence, not another app; likes are not added."
2101034822760288452,https://x.com/OhansEmmanuel/status/2101034822760288452,OhansEmmanuel,921,True,2026-09-18T19:45:11+00:00,2026-09-23T04:32:32+00:00,https://api.fxtwitter.com/status/2101034822760288452,new_case,abide-rules,正式案例主帖；同项目不重复计数。,Formal main post; the project is counted once.
2101035136867569838,https://x.com/PipeAbellos/status/2101035136867569838,PipeAbellos,26,True,2026-09-18T19:46:26+00:00,2026-09-23T04:32:32+00:00,https://api.fxtwitter.com/status/2101035136867569838,below_threshold,,原帖取数未达 200 赞。,Original snapshot is below 200 likes.
2101035975694483914,https://x.com/NathanWilbanks_/status/2101035975694483914,NathanWilbanks_,38,True,2026-09-18T19:49:46+00:00,2026-09-23T04:32:32+00:00,https://api.fxtwitter.com/status/2101035975694483914,below_threshold,,原帖取数未达 200 赞。,Original snapshot is below 200 likes.
2101037514945597645,https://x.com/akshay_pachaar/status/2101037514945597645,akshay_pachaar,5241,False,2026-09-18T19:55:53+00:00,2026-09-23T04:30:01+00:00,https://api.fxtwitter.com/status/2101037514945597645,missing_media,,未取得主帖自身图片或视频，引用媒体不替代。,No image/video attached to the original itself; quoted media is not substituted.
2101039024118829261,https://x.com/chaseleantj/status/2101039024118829261,chaseleantj,33,True,2026-09-18T20:01:53+00:00,2026-09-23T04:32:31+00:00,https://api.fxtwitter.com/status/2101039024118829261,below_threshold,,原帖取数未达 200 赞。,Original snapshot is below 200 likes.
2101047036863037753,https://x.com/omarjpeg/status/2101047036863037753,omarjpeg,423,True,2026-09-18T20:33:43+00:00,2026-09-23T04:32:31+00:00,https://api.fxtwitter.com/status/2101047036863037753,pending_review,,虽达到点赞/媒体门槛，具体任务、组件分工或独立实现关系尚未充分核清；保留线索，不表示项目无效。,"Meets like/media thresholds, but task details, component roles or implementation identity still need review; retained as a lead, not judged invalid."
2101053181589606584,https://x.com/xyz04274951/status/2101053181589606584,xyz04274951,0,True,2026-09-18T20:58:08+00:00,2026-09-23T04:32:31+00:00,https://api.fxtwitter.com/status/2101053181589606584,below_threshold,,原帖取数未达 200 赞。,Original snapshot is below 200 likes.
2101056078872256935,https://x.com/cline/status/2101056078872256935,cline,690,True,2026-09-18T21:09:39+00:00,2026-09-23T04:32:31+00:00,https://api.fxtwitter.com/status/2101056078872256935,pending_review,,与已有浏览器实现的关系尚待核查，不凭包名另计。,Relationship to existing browser implementations needs checking; a package name alone is insufficient.
2101058122634666079,https://x.com/everton_dev/status/2101058122634666079,everton_dev,13,True,2026-09-18T21:17:46+00:00,2026-09-23T04:32:31+00:00,https://api.fxtwitter.com/status/2101058122634666079,below_threshold,,原帖取数未达 200 赞。,Original snapshot is below 200 likes.
2101062313516347491,https://x.com/TPateeq/status/2101062313516347491,TPateeq,13,True,2026-09-18T21:34:26+00:00,2026-09-23T04:32:31+00:00,https://api.fxtwitter.com/status/2101062313516347491,below_threshold,,原帖取数未达 200 赞。,Original snapshot is below 200 likes.
2101064273187274838,https://x.com/sachpatro97/status/2101064273187274838,sachpatro97,9,True,2026-09-18T21:42:13+00:00,2026-09-23T04:32:31+00:00,https://api.fxtwitter.com/status/2101064273187274838,below_threshold,,原帖取数未达 200 赞。,Original snapshot is below 200 likes.
2101066294816920063,https://x.com/chandamamz/status/2101066294816920063,chandamamz,18,True,2026-09-18T21:50:15+00:00,2026-09-23T04:32:30+00:00,https://api.fxtwitter.com/status/2101066294816920063,below_threshold,,原帖取数未达 200 赞。,Original snapshot is below 200 likes.
2101070906852298910,https://x.com/mxfp4/status/2101070906852298910,mxfp4,751,True,2026-09-18T22:08:34+00:00,2026-09-23T04:32:30+00:00,https://api.fxtwitter.com/status/2101070906852298910,new_case,lurk-reddit-monitor,正式案例主帖；同项目不重复计数。,Formal main post; the project is counted once.
2101071647730205135,https://x.com/jasonlu_ai/status/2101071647730205135,jasonlu_ai,1,True,2026-09-18T22:11:31+00:00,2026-09-23T04:32:30+00:00,https://api.fxtwitter.com/status/2101071647730205135,below_threshold,,原帖取数未达 200 赞。,Original snapshot is below 200 likes.
2101074194260000982,https://x.com/robj3d3/status/2101074194260000982,robj3d3,1700,True,2026-09-18T22:21:38+00:00,2026-09-23T04:32:30+00:00,https://api.fxtwitter.com/status/2101074194260000982,pending_review,,虽达到点赞/媒体门槛，具体任务、组件分工或独立实现关系尚未充分核清；保留线索，不表示项目无效。,"Meets like/media thresholds, but task details, component roles or implementation identity still need review; retained as a lead, not judged invalid."
2101076982373191927,https://x.com/0xaniol/status/2101076982373191927,0xaniol,111,True,2026-09-18T22:32:43+00:00,2026-09-23T04:32:30+00:00,https://api.fxtwitter.com/status/2101076982373191927,below_threshold,,原帖取数未达 200 赞。,Original snapshot is below 200 likes.
2101079101997982037,https://x.com/TamirSPIRITT/status/2101079101997982037,TamirSPIRITT,23,True,2026-09-18T22:41:08+00:00,2026-09-23T04:32:30+00:00,https://api.fxtwitter.com/status/2101079101997982037,below_threshold,,原帖取数未达 200 赞。,Original snapshot is below 200 likes.
2101084662793666618,https://x.com/toksdotdev/status/2101084662793666618,toksdotdev,24,True,2026-09-18T23:03:14+00:00,2026-09-23T04:32:30+00:00,https://api.fxtwitter.com/status/2101084662793666618,below_threshold,,原帖取数未达 200 赞。,Original snapshot is below 200 likes.
2101090226856931776,https://x.com/manofsteel3129/status/2101090226856931776,manofsteel3129,5,True,2026-09-18T23:25:21+00:00,2026-09-23T04:32:30+00:00,https://api.fxtwitter.com/status/2101090226856931776,below_threshold,,原帖取数未达 200 赞。,Original snapshot is below 200 likes.
2101090570110169547,https://x.com/AlanDaitch/status/2101090570110169547,AlanDaitch,790,True,2026-09-18T23:26:42+00:00,2026-09-23T04:30:01+00:00,https://api.fxtwitter.com/status/2101090570110169547,pending_review,,虽达到点赞/媒体门槛，具体任务、组件分工或独立实现关系尚未充分核清；保留线索，不表示项目无效。,"Meets like/media thresholds, but task details, component roles or implementation identity still need review; retained as a lead, not judged invalid."
2101095181382721998,https://x.com/theappcypher/status/2101095181382721998,theappcypher,19,True,2026-09-18T23:45:02+00:00,2026-09-23T04:32:30+00:00,https://api.fxtwitter.com/status/2101095181382721998,below_threshold,,原帖取数未达 200 赞。,Original snapshot is below 200 likes.
2101102660997017747,https://x.com/sabrinaesaquino/status/2101102660997017747,sabrinaesaquino,221,True,2026-09-19T00:14:45+00:00,2026-09-23T04:32:29+00:00,https://api.fxtwitter.com/status/2101102660997017747,new_case,hn-venice-classification,正式案例主帖；同项目不重复计数。,Formal main post; the project is counted once.
2101107781227147679,https://x.com/stringsaeed/status/2101107781227147679,stringsaeed,10,True,2026-09-19T00:35:06+00:00,2026-09-23T04:32:29+00:00,https://api.fxtwitter.com/status/2101107781227147679,below_threshold,,原帖取数未达 200 赞。,Original snapshot is below 200 likes.
2101116220061958528,https://x.com/Izzuddin_Shafi/status/2101116220061958528,Izzuddin_Shafi,1,True,2026-09-19T01:08:38+00:00,2026-09-23T04:32:29+00:00,https://api.fxtwitter.com/status/2101116220061958528,below_threshold,,原帖取数未达 200 赞。,Original snapshot is below 200 likes.
2101117203060019431,https://x.com/SimAudience/status/2101117203060019431,SimAudience,4,True,2026-09-19T01:12:32+00:00,2026-09-23T04:32:29+00:00,https://api.fxtwitter.com/status/2101117203060019431,below_threshold,,原帖取数未达 200 赞。,Original snapshot is below 200 likes.
2101117855622463719,https://x.com/higgsfield_ai/status/2101117855622463719,higgsfield_ai,1319,True,2026-09-19T01:15:08+00:00,2026-09-23T04:32:29+00:00,https://api.fxtwitter.com/status/2101117855622463719,merged_source,higgsfield-voice-ads,并入对应案例作为补充，不计新增应用，点赞不累计。,"Merged as supporting evidence, not another app; likes are not added."
2101118529936519453,https://x.com/hari_trinay/status/2101118529936519453,hari_trinay,18,True,2026-09-19T01:17:49+00:00,2026-09-23T04:32:29+00:00,https://api.fxtwitter.com/status/2101118529936519453,below_threshold,,原帖取数未达 200 赞。,Original snapshot is below 200 likes.
2101129105676861621,https://x.com/acharyaagamya/status/2101129105676861621,acharyaagamya,5,True,2026-09-19T01:59:50+00:00,2026-09-23T04:32:29+00:00,https://api.fxtwitter.com/status/2101129105676861621,below_threshold,,原帖取数未达 200 赞。,Original snapshot is below 200 likes.
2101130463037530229,https://x.com/hota911/status/2101130463037530229,hota911,4,True,2026-09-19T02:05:14+00:00,2026-09-23T04:32:29+00:00,https://api.fxtwitter.com/status/2101130463037530229,below_threshold,,原帖取数未达 200 赞。,Original snapshot is below 200 likes.
2101157548346794059,https://x.com/kraayenJon/status/2101157548346794059,kraayenJon,2,True,2026-09-19T03:52:51+00:00,2026-09-23T04:32:28+00:00,https://api.fxtwitter.com/status/2101157548346794059,below_threshold,,原帖取数未达 200 赞。,Original snapshot is below 200 likes.
2101205418299240812,https://x.com/floriandarroman/status/2101205418299240812,floriandarroman,42,True,2026-09-19T07:03:04+00:00,2026-09-23T04:32:28+00:00,https://api.fxtwitter.com/status/2101205418299240812,below_threshold,,原帖取数未达 200 赞。,Original snapshot is below 200 likes.
2101206777924858319,https://x.com/DataChaz/status/2101206777924858319,DataChaz,2153,True,2026-09-19T07:08:29+00:00,2026-09-23T04:30:01+00:00,https://api.fxtwitter.com/status/2101206777924858319,not_distinct_app,,公告、讨论、教程合集或传播帖，未单列为独立应用。,"Announcement, discussion, tutorial collection or redistribution; not counted as a distinct app."
2101209390992994570,https://x.com/skeptrune/status/2101209390992994570,skeptrune,1356,True,2026-09-19T07:18:52+00:00,2026-09-23T04:32:28+00:00,https://api.fxtwitter.com/status/2101209390992994570,outside_scope,,独立兼容/仿制模型，不能直接计为 TypeSafe Jev 应用。,"Independent compatible/clone model, not automatically a TypeSafe Jev application."
2101228958398181450,https://x.com/kenonews/status/2101228958398181450,kenonews,61,True,2026-09-19T08:36:37+00:00,2026-09-23T04:32:28+00:00,https://api.fxtwitter.com/status/2101228958398181450,below_threshold,,原帖取数未达 200 赞。,Original snapshot is below 200 likes.
2101231502038339798,https://x.com/yuhasbeentaken/status/2101231502038339798,yuhasbeentaken,181,True,2026-09-19T08:46:43+00:00,2026-09-23T04:32:28+00:00,https://api.fxtwitter.com/status/2101231502038339798,below_threshold,,原帖取数未达 200 赞。,Original snapshot is below 200 likes.
2101260322917306612,https://x.com/xat_t0b/status/2101260322917306612,xat_t0b,1735,True,2026-09-19T10:41:15+00:00,2026-09-23T04:30:02+00:00,https://api.fxtwitter.com/status/2101260322917306612,pending_review,,虽达到点赞/媒体门槛，具体任务、组件分工或独立实现关系尚未充分核清；保留线索，不表示项目无效。,"Meets like/media thresholds, but task details, component roles or implementation identity still need review; retained as a lead, not judged invalid."
2101262191399981504,https://x.com/zodchiii/status/2101262191399981504,zodchiii,389,True,2026-09-19T10:48:40+00:00,2026-09-23T04:30:02+00:00,https://api.fxtwitter.com/status/2101262191399981504,not_distinct_app,,公告、讨论、教程合集或传播帖，未单列为独立应用。,"Announcement, discussion, tutorial collection or redistribution; not counted as a distinct app."
2101289895624917076,https://x.com/hametgholizadeh/status/2101289895624917076,hametgholizadeh,83,True,2026-09-19T12:38:45+00:00,2026-09-23T04:32:28+00:00,https://api.fxtwitter.com/status/2101289895624917076,below_threshold,,原帖取数未达 200 赞。,Original snapshot is below 200 likes.
2101292455391809670,https://x.com/0xRicker/status/2101292455391809670,0xRicker,312,False,2026-09-19T12:48:56+00:00,2026-09-23T04:30:02+00:00,https://api.fxtwitter.com/status/2101292455391809670,missing_media,,未取得主帖自身图片或视频，引用媒体不替代。,No image/video attached to the original itself; quoted media is not substituted.
2101294219633529030,https://x.com/0xCodez/status/2101294219633529030,0xCodez,2220,True,2026-09-19T12:55:56+00:00,2026-09-23T04:30:02+00:00,https://api.fxtwitter.com/status/2101294219633529030,not_distinct_app,,公告、讨论、教程合集或传播帖，未单列为独立应用。,"Announcement, discussion, tutorial collection or redistribution; not counted as a distinct app."
2101309986156712025,https://x.com/akshay_pachaar/status/2101309986156712025,akshay_pachaar,2972,True,2026-09-19T13:58:35+00:00,2026-09-23T04:30:02+00:00,https://api.fxtwitter.com/status/2101309986156712025,not_distinct_app,,公告、讨论、教程合集或传播帖，未单列为独立应用。,"Announcement, discussion, tutorial collection or redistribution; not counted as a distinct app."
2101312576252481785,https://x.com/0xPaulius/status/2101312576252481785,0xPaulius,174,True,2026-09-19T14:08:53+00:00,2026-09-23T04:32:27+00:00,https://api.fxtwitter.com/status/2101312576252481785,below_threshold,,原帖取数未达 200 赞。,Original snapshot is below 200 likes.
2101316543317684368,https://x.com/aibuilderclub_/status/2101316543317684368,aibuilderclub_,406,True,2026-09-19T14:24:39+00:00,2026-09-23T04:32:27+00:00,https://api.fxtwitter.com/status/2101316543317684368,pending_review,,虽达到点赞/媒体门槛，具体任务、组件分工或独立实现关系尚未充分核清；保留线索，不表示项目无效。,"Meets like/media thresholds, but task details, component roles or implementation identity still need review; retained as a lead, not judged invalid."
2101325703635435523,https://x.com/0xMovez/status/2101325703635435523,0xMovez,406,True,2026-09-19T15:01:03+00:00,2026-09-23T04:32:28+00:00,https://api.fxtwitter.com/status/2101325703635435523,pending_review,,虽达到点赞/媒体门槛，具体任务、组件分工或独立实现关系尚未充分核清；保留线索，不表示项目无效。,"Meets like/media thresholds, but task details, component roles or implementation identity still need review; retained as a lead, not judged invalid."
2101330780702068969,https://x.com/nateherk/status/2101330780702068969,nateherk,233,True,2026-09-19T15:21:13+00:00,2026-09-23T04:32:27+00:00,https://api.fxtwitter.com/status/2101330780702068969,pending_review,,虽达到点赞/媒体门槛，具体任务、组件分工或独立实现关系尚未充分核清；保留线索，不表示项目无效。,"Meets like/media thresholds, but task details, component roles or implementation identity still need review; retained as a lead, not judged invalid."
2101334774325428615,https://x.com/dsqjaffa/status/2101334774325428615,dsqjaffa,115,True,2026-09-19T15:37:05+00:00,2026-09-23T04:32:27+00:00,https://api.fxtwitter.com/status/2101334774325428615,below_threshold,,原帖取数未达 200 赞。,Original snapshot is below 200 likes.
2101337282607550589,https://x.com/mizchi/status/2101337282607550589,mizchi,540,False,2026-09-19T15:47:03+00:00,2026-09-23T04:30:02+00:00,https://api.fxtwitter.com/status/2101337282607550589,missing_media,,未取得主帖自身图片或视频，引用媒体不替代。,No image/video attached to the original itself; quoted media is not substituted.
2101344345857069558,https://x.com/marckohlbrugge/status/2101344345857069558,marckohlbrugge,66,True,2026-09-19T16:15:07+00:00,2026-09-23T04:32:27+00:00,https://api.fxtwitter.com/status/2101344345857069558,below_threshold,,原帖取数未达 200 赞。,Original snapshot is below 200 likes.
2101362082369470675,https://x.com/hrishioa/status/2101362082369470675,hrishioa,387,False,2026-09-19T17:25:36+00:00,2026-09-23T04:30:02+00:00,https://api.fxtwitter.com/status/2101362082369470675,missing_media,,未取得主帖自身图片或视频，引用媒体不替代。,No image/video attached to the original itself; quoted media is not substituted.
2101369117496521042,https://x.com/heystefan_/status/2101369117496521042,heystefan_,10143,True,2026-09-19T17:53:33+00:00,2026-09-23T04:30:03+00:00,https://api.fxtwitter.com/status/2101369117496521042,pending_review,,虽达到点赞/媒体门槛，具体任务、组件分工或独立实现关系尚未充分核清；保留线索，不表示项目无效。,"Meets like/media thresholds, but task details, component roles or implementation identity still need review; retained as a lead, not judged invalid."
2101393755513217192,https://x.com/i/status/2101393755513217192,,,False,,,https://api.fxtwitter.com/status/2101393755513217192,unavailable,,本轮未取得原帖快照，不推定已删除。,No original-post snapshot retrieved in this pass; deletion is not inferred.
2101428888874410069,https://x.com/neogoose_btw/status/2101428888874410069,neogoose_btw,1513,True,2026-09-19T21:51:04+00:00,2026-09-23T04:30:03+00:00,https://api.fxtwitter.com/status/2101428888874410069,pending_review,,虽达到点赞/媒体门槛，具体任务、组件分工或独立实现关系尚未充分核清；保留线索，不表示项目无效。,"Meets like/media thresholds, but task details, component roles or implementation identity still need review; retained as a lead, not judged invalid."
2101433560796467348,https://x.com/0xCodila/status/2101433560796467348,0xCodila,2379,True,2026-09-19T22:09:38+00:00,2026-09-23T04:30:03+00:00,https://api.fxtwitter.com/status/2101433560796467348,pending_review,,虽达到点赞/媒体门槛，具体任务、组件分工或独立实现关系尚未充分核清；保留线索，不表示项目无效。,"Meets like/media thresholds, but task details, component roles or implementation identity still need review; retained as a lead, not judged invalid."
2101439340588974096,https://x.com/TheMattBerman/status/2101439340588974096,TheMattBerman,1145,True,2026-09-19T22:32:36+00:00,2026-09-23T04:32:27+00:00,https://api.fxtwitter.com/status/2101439340588974096,merged_source,ad-analysis,并入对应案例作为补充，不计新增应用，点赞不累计。,"Merged as supporting evidence, not another app; likes are not added."
2101453330861965672,https://x.com/jonymusky/status/2101453330861965672,jonymusky,1100,True,2026-09-19T23:28:11+00:00,2026-09-23T04:30:03+00:00,https://api.fxtwitter.com/status/2101453330861965672,not_distinct_app,,公告、讨论、教程合集或传播帖，未单列为独立应用。,"Announcement, discussion, tutorial collection or redistribution; not counted as a distinct app."
2101454284927959080,https://x.com/LangChain/status/2101454284927959080,LangChain,2971,False,2026-09-19T23:31:59+00:00,2026-09-23T04:30:03+00:00,https://api.fxtwitter.com/status/2101454284927959080,missing_media,,未取得主帖自身图片或视频，引用媒体不替代。,No image/video attached to the original itself; quoted media is not substituted.
2101476399488160013,https://x.com/marcus_lowe/status/2101476399488160013,marcus_lowe,9778,True,2026-09-20T00:59:51+00:00,2026-09-23T04:30:03+00:00,https://api.fxtwitter.com/status/2101476399488160013,pending_review,,虽达到点赞/媒体门槛，具体任务、组件分工或独立实现关系尚未充分核清；保留线索，不表示项目无效。,"Meets like/media thresholds, but task details, component roles or implementation identity still need review; retained as a lead, not judged invalid."
2101529876469522673,https://x.com/hqmank/status/2101529876469522673,hqmank,409,True,2026-09-20T04:32:21+00:00,2026-09-23T04:30:03+00:00,https://api.fxtwitter.com/status/2101529876469522673,pending_review,,虽达到点赞/媒体门槛，具体任务、组件分工或独立实现关系尚未充分核清；保留线索，不表示项目无效。,"Meets like/media thresholds, but task details, component roles or implementation identity still need review; retained as a lead, not judged invalid."
2101556786528760050,https://x.com/neogoose_btw/status/2101556786528760050,neogoose_btw,478,True,2026-09-20T06:19:17+00:00,2026-09-23T04:30:03+00:00,https://api.fxtwitter.com/status/2101556786528760050,new_case,predictive-keyboard,正式案例主帖；同项目不重复计数。,Formal main post; the project is counted once.
2101603192664740330,https://x.com/sep_is_heim/status/2101603192664740330,sep_is_heim,2173,True,2026-09-20T09:23:41+00:00,2026-09-23T04:30:04+00:00,https://api.fxtwitter.com/status/2101603192664740330,pending_review,,虽达到点赞/媒体门槛，具体任务、组件分工或独立实现关系尚未充分核清；保留线索，不表示项目无效。,"Meets like/media thresholds, but task details, component roles or implementation identity still need review; retained as a lead, not judged invalid."
2101628206478512341,https://x.com/developedbyed/status/2101628206478512341,developedbyed,5606,True,2026-09-20T11:03:05+00:00,2026-09-23T04:30:04+00:00,https://api.fxtwitter.com/status/2101628206478512341,pending_review,,虽达到点赞/媒体门槛，具体任务、组件分工或独立实现关系尚未充分核清；保留线索，不表示项目无效。,"Meets like/media thresholds, but task details, component roles or implementation identity still need review; retained as a lead, not judged invalid."
2101641842441732297,https://x.com/BurhanUsman/status/2101641842441732297,BurhanUsman,593,True,2026-09-20T11:57:16+00:00,2026-09-23T04:30:04+00:00,https://api.fxtwitter.com/status/2101641842441732297,pending_review,,虽达到点赞/媒体门槛，具体任务、组件分工或独立实现关系尚未充分核清；保留线索，不表示项目无效。,"Meets like/media thresholds, but task details, component roles or implementation identity still need review; retained as a lead, not judged invalid."
2101649868305653889,https://x.com/MalayVasa/status/2101649868305653889,MalayVasa,815,True,2026-09-20T12:29:10+00:00,2026-09-23T04:30:04+00:00,https://api.fxtwitter.com/status/2101649868305653889,pending_review,,虽达到点赞/媒体门槛，具体任务、组件分工或独立实现关系尚未充分核清；保留线索，不表示项目无效。,"Meets like/media thresholds, but task details, component roles or implementation identity still need review; retained as a lead, not judged invalid."
2101653695821984134,https://x.com/comocc/status/2101653695821984134,comocc,453,True,2026-09-20T12:44:22+00:00,2026-09-23T04:30:04+00:00,https://api.fxtwitter.com/status/2101653695821984134,pending_review,,虽达到点赞/媒体门槛，具体任务、组件分工或独立实现关系尚未充分核清；保留线索，不表示项目无效。,"Meets like/media thresholds, but task details, component roles or implementation identity still need review; retained as a lead, not judged invalid."
2101657637871837578,https://x.com/dbillson/status/2101657637871837578,dbillson,524,True,2026-09-20T13:00:02+00:00,2026-09-23T04:30:04+00:00,https://api.fxtwitter.com/status/2101657637871837578,pending_review,,虽达到点赞/媒体门槛，具体任务、组件分工或独立实现关系尚未充分核清；保留线索，不表示项目无效。,"Meets like/media thresholds, but task details, component roles or implementation identity still need review; retained as a lead, not judged invalid."
2101674202361221376,https://x.com/alexchristou_/status/2101674202361221376,alexchristou_,3141,True,2026-09-20T14:05:51+00:00,2026-09-23T04:30:05+00:00,https://api.fxtwitter.com/status/2101674202361221376,pending_review,,虽达到点赞/媒体门槛，具体任务、组件分工或独立实现关系尚未充分核清；保留线索，不表示项目无效。,"Meets like/media thresholds, but task details, component roles or implementation identity still need review; retained as a lead, not judged invalid."
2101674767266845026,https://x.com/GilFeig/status/2101674767266845026,GilFeig,736,True,2026-09-20T14:08:06+00:00,2026-09-23T04:30:05+00:00,https://api.fxtwitter.com/status/2101674767266845026,pending_review,,虽达到点赞/媒体门槛，具体任务、组件分工或独立实现关系尚未充分核清；保留线索，不表示项目无效。,"Meets like/media thresholds, but task details, component roles or implementation identity still need review; retained as a lead, not judged invalid."
2101683325320454189,https://x.com/uwwgo/status/2101683325320454189,uwwgo,19,True,2026-09-20T14:42:06+00:00,2026-09-23T04:32:27+00:00,https://api.fxtwitter.com/status/2101683325320454189,below_threshold,,原帖取数未达 200 赞。,Original snapshot is below 200 likes.
2101684333413368021,https://x.com/bl888m_eth/status/2101684333413368021,bl888m_eth,624,True,2026-09-20T14:46:07+00:00,2026-09-23T04:30:05+00:00,https://api.fxtwitter.com/status/2101684333413368021,pending_review,,虽达到点赞/媒体门槛，具体任务、组件分工或独立实现关系尚未充分核清；保留线索，不表示项目无效。,"Meets like/media thresholds, but task details, component roles or implementation identity still need review; retained as a lead, not judged invalid."
2101704186769404160,https://x.com/okkshitij/status/2101704186769404160,okkshitij,889,True,2026-09-20T16:05:00+00:00,2026-09-23T04:30:05+00:00,https://api.fxtwitter.com/status/2101704186769404160,pending_review,,虽达到点赞/媒体门槛，具体任务、组件分工或独立实现关系尚未充分核清；保留线索，不表示项目无效。,"Meets like/media thresholds, but task details, component roles or implementation identity still need review; retained as a lead, not judged invalid."
2101705843200721203,https://x.com/0xRicker/status/2101705843200721203,0xRicker,1634,True,2026-09-20T16:11:35+00:00,2026-09-23T04:30:05+00:00,https://api.fxtwitter.com/status/2101705843200721203,pending_review,,虽达到点赞/媒体门槛，具体任务、组件分工或独立实现关系尚未充分核清；保留线索，不表示项目无效。,"Meets like/media thresholds, but task details, component roles or implementation identity still need review; retained as a lead, not judged invalid."
2101715395925184678,https://x.com/shridharathi/status/2101715395925184678,shridharathi,1352,True,2026-09-20T16:49:33+00:00,2026-09-23T04:30:05+00:00,https://api.fxtwitter.com/status/2101715395925184678,pending_review,,虽达到点赞/媒体门槛，具体任务、组件分工或独立实现关系尚未充分核清；保留线索，不表示项目无效。,"Meets like/media thresholds, but task details, component roles or implementation identity still need review; retained as a lead, not judged invalid."
2101786193709142049,https://x.com/robj3d3/status/2101786193709142049,robj3d3,717,True,2026-09-20T21:30:52+00:00,2026-09-23T04:31:24+00:00,https://api.fxtwitter.com/status/2101786193709142049,pending_review,,虽达到点赞/媒体门槛，具体任务、组件分工或独立实现关系尚未充分核清；保留线索，不表示项目无效。,"Meets like/media thresholds, but task details, component roles or implementation identity still need review; retained as a lead, not judged invalid."
2101828851458293827,https://x.com/Sentdex/status/2101828851458293827,Sentdex,386,True,2026-09-21T00:20:22+00:00,2026-09-23T04:32:45+00:00,https://api.fxtwitter.com/status/2101828851458293827,new_case,halite-hybrid,正式案例主帖；同项目不重复计数。,Formal main post; the project is counted once.
2102061534956662818,https://x.com/_aj/status/2102061534956662818,_aj,2142,True,2026-09-21T15:44:59+00:00,2026-09-23T04:31:25+00:00,https://api.fxtwitter.com/status/2102061534956662818,new_case,agentrun,正式案例主帖；同项目不重复计数。,Formal main post; the project is counted once.
2102070640589279318,https://x.com/ctnicholasdev/status/2102070640589279318,ctnicholasdev,638,True,2026-09-21T16:21:09+00:00,2026-09-23T04:31:24+00:00,https://api.fxtwitter.com/status/2102070640589279318,new_case,jev-workflow-builder,正式案例主帖；同项目不重复计数。,Formal main post; the project is counted once.
2102087107410002345,https://x.com/akshay_pachaar/status/2102087107410002345,akshay_pachaar,527,False,2026-09-21T17:26:35+00:00,2026-09-23T04:31:25+00:00,https://api.fxtwitter.com/status/2102087107410002345,missing_media,,未取得主帖自身图片或视频，引用媒体不替代。,No image/video attached to the original itself; quoted media is not substituted.
2102112693041938825,https://x.com/shengkunye/status/2102112693041938825,shengkunye,238,True,2026-09-21T19:08:16+00:00,2026-09-23T04:31:25+00:00,https://api.fxtwitter.com/status/2102112693041938825,new_case,monid-jev-tools,正式案例主帖；同项目不重复计数。,Formal main post; the project is counted once.
2102123079912808849,https://x.com/aokiti_tech/status/2102123079912808849,aokiti_tech,249,True,2026-09-21T19:49:32+00:00,2026-09-23T04:31:26+00:00,https://api.fxtwitter.com/status/2102123079912808849,new_case,smash-pi-controller,正式案例主帖；同项目不重复计数。,Formal main post; the project is counted once.
2102126922688012410,https://x.com/GZhan57/status/2102126922688012410,GZhan57,709,True,2026-09-21T20:04:48+00:00,2026-09-23T04:31:26+00:00,https://api.fxtwitter.com/status/2102126922688012410,new_case,starcraft2-squads,正式案例主帖；同项目不重复计数。,Formal main post; the project is counted once.
2102131624921968704,https://x.com/Austin_Way/status/2102131624921968704,Austin_Way,609,True,2026-09-21T20:23:29+00:00,2026-09-23T04:31:26+00:00,https://api.fxtwitter.com/status/2102131624921968704,new_case,working-memory-passage,正式案例主帖；同项目不重复计数。,Formal main post; the project is counted once.
2102137061490794730,https://x.com/aaayandev/status/2102137061490794730,aaayandev,1495,True,2026-09-21T20:45:05+00:00,2026-09-23T04:31:26+00:00,https://api.fxtwitter.com/status/2102137061490794730,new_case,yc-startup-search,正式案例主帖；同项目不重复计数。,Formal main post; the project is counted once.
2102140451763749077,https://x.com/Jasperli0122/status/2102140451763749077,Jasperli0122,204,True,2026-09-21T20:58:34+00:00,2026-09-23T04:31:26+00:00,https://api.fxtwitter.com/status/2102140451763749077,merged_source,monid-jev-tools,并入对应案例作为补充，不计新增应用，点赞不累计。,"Merged as supporting evidence, not another app; likes are not added."
2102149662207844620,https://x.com/trycua/status/2102149662207844620,trycua,454,True,2026-09-21T21:35:10+00:00,2026-09-23T04:31:26+00:00,https://api.fxtwitter.com/status/2102149662207844620,pending_review,,先核完整评测方法及与已有 Cua 条目的关系。,Review complete methods and relationship to the existing Cua case first.
2102192643480678651,https://x.com/Sentdex/status/2102192643480678651,Sentdex,340,True,2026-09-22T00:25:57+00:00,2026-09-23T04:31:26+00:00,https://api.fxtwitter.com/status/2102192643480678651,merged_source,halite-hybrid,并入对应案例作为补充，不计新增应用，点赞不累计。,"Merged as supporting evidence, not another app; likes are not added."
2102195819013406960,https://x.com/TheIshanGoswami/status/2102195819013406960,TheIshanGoswami,849,True,2026-09-22T00:38:34+00:00,2026-09-23T04:31:27+00:00,https://api.fxtwitter.com/status/2102195819013406960,pending_review,,虽达到点赞/媒体门槛，具体任务、组件分工或独立实现关系尚未充分核清；保留线索，不表示项目无效。,"Meets like/media thresholds, but task details, component roles or implementation identity still need review; retained as a lead, not judged invalid."
2102265179543400907,https://x.com/andywang/status/2102265179543400907,andywang,853,True,2026-09-22T05:14:11+00:00,2026-09-23T04:31:27+00:00,https://api.fxtwitter.com/status/2102265179543400907,pending_review,,需区分交易分类与完整账务，补清费用比较范围。,Separate transaction classification from full bookkeeping and establish cost-comparison boundaries.
2102281508950307159,https://x.com/typesafeai/status/2102281508950307159,typesafeai,1056,True,2026-09-22T06:19:04+00:00,2026-09-23T04:31:27+00:00,https://api.fxtwitter.com/status/2102281508950307159,not_distinct_app,,公告、讨论、教程合集或传播帖，未单列为独立应用。,"Announcement, discussion, tutorial collection or redistribution; not counted as a distinct app."
2102296665331999098,https://x.com/multimodalart/status/2102296665331999098,multimodalart,270,True,2026-09-22T07:19:18+00:00,2026-09-23T04:31:27+00:00,https://api.fxtwitter.com/status/2102296665331999098,pending_review,,完整评测方法、标签与费用口径尚待审核。,"Full evaluation methods, labels and billing boundaries still need review."
2102305405280080143,https://x.com/misakism13/status/2102305405280080143,misakism13,2135,True,2026-09-22T07:54:02+00:00,2026-09-23T04:31:28+00:00,https://api.fxtwitter.com/status/2102305405280080143,pending_review,,原始实现作者和已有填表素材的关系尚待核对。,Original implementation authorship and possible reuse of existing autofill media need checking.
2102313324293820530,https://x.com/simranrambles/status/2102313324293820530,simranrambles,235,True,2026-09-22T08:25:30+00:00,2026-09-23T04:31:28+00:00,https://api.fxtwitter.com/status/2102313324293820530,new_case,neatlogs-detections,正式案例主帖；同项目不重复计数。,Formal main post; the project is counted once.
2102319722671047139,https://x.com/askOkara/status/2102319722671047139,askOkara,457,True,2026-09-22T08:50:55+00:00,2026-09-23T04:31:28+00:00,https://api.fxtwitter.com/status/2102319722671047139,pending_review,,需区分 Jev 判断和其他模型写作，补同条件质量对照。,Separate Jev decisions from other models’ writing and obtain matched quality comparisons.
2102327334485557422,https://x.com/anishfn/status/2102327334485557422,anishfn,711,True,2026-09-22T09:21:10+00:00,2026-09-23T04:31:28+00:00,https://api.fxtwitter.com/status/2102327334485557422,pending_review,,虽达到点赞/媒体门槛，具体任务、组件分工或独立实现关系尚未充分核清；保留线索，不表示项目无效。,"Meets like/media thresholds, but task details, component roles or implementation identity still need review; retained as a lead, not judged invalid."
2102365094126801385,https://x.com/fladdict/status/2102365094126801385,fladdict,746,True,2026-09-22T11:51:13+00:00,2026-09-23T04:31:28+00:00,https://api.fxtwitter.com/status/2102365094126801385,pending_review,,虽达到点赞/媒体门槛，具体任务、组件分工或独立实现关系尚未充分核清；保留线索，不表示项目无效。,"Meets like/media thresholds, but task details, component roles or implementation identity still need review; retained as a lead, not judged invalid."
2102392851996750195,https://x.com/shayahal1/status/2102392851996750195,shayahal1,206,False,2026-09-22T13:41:31+00:00,2026-09-23T04:31:28+00:00,https://api.fxtwitter.com/status/2102392851996750195,missing_media,,未取得主帖自身图片或视频，引用媒体不替代。,No image/video attached to the original itself; quoted media is not substituted.
2102412604702343189,https://x.com/TheMattBerman/status/2102412604702343189,TheMattBerman,429,True,2026-09-22T15:00:00+00:00,2026-09-23T04:31:29+00:00,https://api.fxtwitter.com/status/2102412604702343189,pending_review,,与已收 StealAds 同作者，项目身份关系尚未核清，暂不另计。,"Same author as StealAds; project identity remains unclear, so no extra case is counted."
2102416986957603132,https://x.com/jesusislord/status/2102416986957603132,jesusislord,330,True,2026-09-22T15:17:25+00:00,2026-09-23T04:31:29+00:00,https://api.fxtwitter.com/status/2102416986957603132,pending_review,,虽达到点赞/媒体门槛，具体任务、组件分工或独立实现关系尚未充分核清；保留线索，不表示项目无效。,"Meets like/media thresholds, but task details, component roles or implementation identity still need review; retained as a lead, not judged invalid."
2102456912486989945,https://x.com/MrAhmadAwais/status/2102456912486989945,MrAhmadAwais,191,True,2026-09-22T17:56:04+00:00,2026-09-23T04:31:29+00:00,https://api.fxtwitter.com/status/2102456912486989945,below_threshold,,原应用帖 191 赞；官方引用不能替代主帖门槛。,The application original has 191 likes; an official quote cannot replace it.
2102461873245630935,https://x.com/CommandCodeAI/status/2102461873245630935,CommandCodeAI,230,False,2026-09-22T18:15:47+00:00,2026-09-23T04:31:29+00:00,https://api.fxtwitter.com/status/2102461873245630935,quote_not_original,,官方引用帖；原应用帖只有 191 赞，不累加点赞。,Official quote; the application original has only 191 likes. Likes are not added.
